Section,Key,Context / Where it shows,English,Norwegian (current),Notes for Rami
common,common.continue,Shared buttons used across app,Continue,Fortsett,
common,common.cancel,Shared buttons used across app,Cancel,Avbryt,
auth,auth.login,Login / signup / forgot password screens,Login,Logg inn,
auth,auth.loginDescription,Login / signup / forgot password screens,Enter your email and password to securely access your account and manage your services.,Skriv inn e-post og passord for å få sikker tilgang til kontoen din og administrere tjenestene dine.,
auth,auth.createAccount,Login / signup / forgot password screens,Create Account,Opprett konto,
auth,auth.createAccountDescription,Login / signup / forgot password screens,Create a new account to get started.,Opprett en ny konto for å komme i gang.,
auth,auth.forgotPassword,Login / signup / forgot password screens,Forgot Password,Glemt passord,
auth,auth.forgotPasswordQuestion,Login / signup / forgot password screens,Forgot Password?,Glemt passord?,
auth,auth.forgotPasswordDescription,Login / signup / forgot password screens,Enter your email address to receive a reset link and regain access to your account.,Skriv inn e-postadressen din for å motta en tilbakestillingslenke og få tilgang til kontoen igjen.,
auth,auth.emailAddress,Login / signup / forgot password screens,Email address,E-postadresse,
auth,auth.name,Login / signup / forgot password screens,Name,Navn,
auth,auth.password,Login / signup / forgot password screens,Password,Passord,
auth,auth.confirmPassword,Login / signup / forgot password screens,Confirm Password,Bekreft passord,
auth,auth.noAccountPrefix,Login / signup / forgot password screens,Don’t have an account?,Har du ikke en konto?,
auth,auth.alreadyHaveAccountPrefix,Login / signup / forgot password screens,Already have an account?,Har du allerede en konto?,
auth,auth.signUp,Login / signup / forgot password screens,Sign up,Registrer deg,
auth,auth.orContinueWithAccount,Login / signup / forgot password screens,Or Continue with Account,Eller fortsett med konto,
auth,auth.apple,Login / signup / forgot password screens,Apple,Apple,
auth,auth.google,Login / signup / forgot password screens,Google,Google,
auth,auth.resetPassword,Login / signup / forgot password screens,Reset Password,Tilbakestill passord,
auth,auth.resetPasswordDescription,Login / signup / forgot password screens,Enter your new password below.,Skriv inn ditt nye passord nedenfor.,
auth,auth.newPassword,Login / signup / forgot password screens,New Password,Nytt passord,
auth,auth.confirmNewPassword,Login / signup / forgot password screens,Confirm New Password,Bekreft nytt passord,
auth,auth.resetPasswordButton,Login / signup / forgot password screens,Reset Password,Tilbakestill passord,
auth,auth.passwordResetSuccess,Login / signup / forgot password screens,Password updated successfully!,Passordet er oppdatert!,
auth,auth.loginSuccess,Login / signup / forgot password screens,You are successfully logged in!,Du er logget inn!,
auth,auth.accountCreated,Login / signup / forgot password screens,Account created successfully!,Kontoen er opprettet!,
auth,auth.logout,Login / signup / forgot password screens,Log out,Logg ut,
auth,auth.errors.invalidEmail,Login / signup / forgot password screens,Please enter a valid email address.,Vennligst skriv inn en gyldig e-postadresse.,
auth,auth.errors.passwordTooShort,Login / signup / forgot password screens,Password must be at least 6 characters.,Passordet må være minst 6 tegn.,
auth,auth.errors.passwordsDoNotMatch,Login / signup / forgot password screens,Passwords do not match.,Passordene stemmer ikke overens.,
auth,auth.errors.nameRequired,Login / signup / forgot password screens,Name is required.,Navn er påkrevd.,
auth,auth.errors.resetPasswordSuccess,Login / signup / forgot password screens,Password reset email sent. Check your inbox.,E-post for tilbakestilling av passord er sendt. Sjekk innboksen din.,
getStarted,getStarted.quote,First splash screen before onboarding,ERA was born because I needed something that actually worked. Simple. Norwegian. Honest. For those who never give up.,ERA ble til fordi jeg trengte noe som faktisk fungerte. Enkelt. Norsk. Ærlig. For deg som ikke gir opp.,
getStarted,getStarted.button,First splash screen before onboarding,Get started,Kom i gang,
onboarding,onboarding.title,"Onboarding flow (gender, age, level, goal, focus, weight, height, paywall, calories, screen time, preview)",Onboarding,Introduksjon,
onboarding,onboarding.actions.next,"Onboarding flow (gender, age, level, goal, focus, weight, height, paywall, calories, screen time, preview)",Next,Neste,
onboarding,onboarding.actions.finish,"Onboarding flow (gender, age, level, goal, focus, weight, height, paywall, calories, screen time, preview)",Finish,Fullfør,
onboarding,onboarding.steps.gender.title,"Onboarding flow (gender, age, level, goal, focus, weight, height, paywall, calories, screen time, preview)",Gender,Kjønn,
onboarding,onboarding.steps.gender.eyebrow,"Onboarding flow (gender, age, level, goal, focus, weight, height, paywall, calories, screen time, preview)",SELECT GENDER,VELG KJØNN,
onboarding,onboarding.steps.gender.heading,"Onboarding flow (gender, age, level, goal, focus, weight, height, paywall, calories, screen time, preview)",Let us personalise ERA for you.,La oss tilpasse ERA for deg.,
onboarding,onboarding.steps.gender.description,"Onboarding flow (gender, age, level, goal, focus, weight, height, paywall, calories, screen time, preview)",Who are you training as?,Hvem trener du som?,
onboarding,onboarding.steps.gender.male,"Onboarding flow (gender, age, level, goal, focus, weight, height, paywall, calories, screen time, preview)",Man,Mann,
onboarding,onboarding.steps.gender.female,"Onboarding flow (gender, age, level, goal, focus, weight, height, paywall, calories, screen time, preview)",Woman,Kvinne,
onboarding,onboarding.steps.age.title,"Onboarding flow (gender, age, level, goal, focus, weight, height, paywall, calories, screen time, preview)",Age,Alder,
onboarding,onboarding.steps.age.eyebrow,"Onboarding flow (gender, age, level, goal, focus, weight, height, paywall, calories, screen time, preview)",YOUR PROFILE,DIN PROFIL,
onboarding,onboarding.steps.age.heading,"Onboarding flow (gender, age, level, goal, focus, weight, height, paywall, calories, screen time, preview)",What year were you born?,Hvilket år ble du født?,
onboarding,onboarding.steps.age.description,"Onboarding flow (gender, age, level, goal, focus, weight, height, paywall, calories, screen time, preview)",To personalise your nutrition and calorie targets.,For å tilpasse ernæring og kaloriemål.,
onboarding,onboarding.steps.age.label,"Onboarding flow (gender, age, level, goal, focus, weight, height, paywall, calories, screen time, preview)",Your birth year,Ditt fødselsår,
onboarding,onboarding.steps.level.title,"Onboarding flow (gender, age, level, goal, focus, weight, height, paywall, calories, screen time, preview)",Level,Nivå,
onboarding,onboarding.steps.level.eyebrow,"Onboarding flow (gender, age, level, goal, focus, weight, height, paywall, calories, screen time, preview)",SELECT LEVEL,VELG NIVÅ,
onboarding,onboarding.steps.level.heading,"Onboarding flow (gender, age, level, goal, focus, weight, height, paywall, calories, screen time, preview)",Where are you today?,Hvor er du i dag?,
onboarding,onboarding.steps.level.description,"Onboarding flow (gender, age, level, goal, focus, weight, height, paywall, calories, screen time, preview)",This determines your initial weights automatically.,Dette bestemmer startvektene dine automatisk.,
onboarding,onboarding.steps.level.options.beginner,"Onboarding flow (gender, age, level, goal, focus, weight, height, paywall, calories, screen time, preview)",Beginner,Nybegynner,
onboarding,onboarding.steps.level.options.beginnerDesc,"Onboarding flow (gender, age, level, goal, focus, weight, height, paywall, calories, screen time, preview)",0–12 months of training.,0–12 måneder med trening.,
onboarding,onboarding.steps.level.options.intermediate,"Onboarding flow (gender, age, level, goal, focus, weight, height, paywall, calories, screen time, preview)",Intermediate,Viderekommen,
onboarding,onboarding.steps.level.options.intermediateDesc,"Onboarding flow (gender, age, level, goal, focus, weight, height, paywall, calories, screen time, preview)",1–3 years of training.,1–3 år med trening.,
onboarding,onboarding.steps.level.options.advanced,"Onboarding flow (gender, age, level, goal, focus, weight, height, paywall, calories, screen time, preview)",Advanced,Avansert,
onboarding,onboarding.steps.level.options.advancedDesc,"Onboarding flow (gender, age, level, goal, focus, weight, height, paywall, calories, screen time, preview)",3+ years of training,3+ år med trening,
onboarding,onboarding.steps.goal.title,"Onboarding flow (gender, age, level, goal, focus, weight, height, paywall, calories, screen time, preview)",Goal,Mål,
onboarding,onboarding.steps.goal.eyebrow,"Onboarding flow (gender, age, level, goal, focus, weight, height, paywall, calories, screen time, preview)",Primary Goal,Hovedmål,
onboarding,onboarding.steps.goal.heading,"Onboarding flow (gender, age, level, goal, focus, weight, height, paywall, calories, screen time, preview)",What drives you?,Hva driver deg?,
onboarding,onboarding.steps.goal.description,"Onboarding flow (gender, age, level, goal, focus, weight, height, paywall, calories, screen time, preview)",We build everything around your goal.,Vi bygger alt rundt målet ditt.,
onboarding,onboarding.steps.goal.options.buildMuscle,"Onboarding flow (gender, age, level, goal, focus, weight, height, paywall, calories, screen time, preview)",Build Muscle,Bygge muskler,
onboarding,onboarding.steps.goal.options.buildMuscleDesc,"Onboarding flow (gender, age, level, goal, focus, weight, height, paywall, calories, screen time, preview)","Mass, size, and strength combined","Masse, størrelse og styrke kombinert",
onboarding,onboarding.steps.goal.options.loseFat,"Onboarding flow (gender, age, level, goal, focus, weight, height, paywall, calories, screen time, preview)",Lose Fat,Miste fett,
onboarding,onboarding.steps.goal.options.loseFatDesc,"Onboarding flow (gender, age, level, goal, focus, weight, height, paywall, calories, screen time, preview)",Lean out while keeping muscle,Bli slankere mens du beholder muskler,
onboarding,onboarding.steps.goal.options.getStronger,"Onboarding flow (gender, age, level, goal, focus, weight, height, paywall, calories, screen time, preview)",Get Stronger,Bli sterkere,
onboarding,onboarding.steps.goal.options.getStrongerDesc,"Onboarding flow (gender, age, level, goal, focus, weight, height, paywall, calories, screen time, preview)","Raw power, compound focus",Rå kraft og fokus på baseøvelser,
onboarding,onboarding.steps.goal.options.generalFitness,"Onboarding flow (gender, age, level, goal, focus, weight, height, paywall, calories, screen time, preview)",General Fitness,Generell form,
onboarding,onboarding.steps.goal.options.generalFitnessDesc,"Onboarding flow (gender, age, level, goal, focus, weight, height, paywall, calories, screen time, preview)","Health, energy, and consistency","Helse, energi og kontinuitet",
onboarding,onboarding.steps.focus.title,"Onboarding flow (gender, age, level, goal, focus, weight, height, paywall, calories, screen time, preview)",Focus,Fokus,
onboarding,onboarding.steps.focus.eyebrow,"Onboarding flow (gender, age, level, goal, focus, weight, height, paywall, calories, screen time, preview)",FOCUS AREAS,FOKUSOMRÅDER,
onboarding,onboarding.steps.focus.heading,"Onboarding flow (gender, age, level, goal, focus, weight, height, paywall, calories, screen time, preview)",Where Do you want to get Stronger?,Hvor vil du bli sterkere?,
onboarding,onboarding.steps.focus.description,"Onboarding flow (gender, age, level, goal, focus, weight, height, paywall, calories, screen time, preview)",Choose one focus area.,Velg ett fokusområde.,
onboarding,onboarding.steps.focus.options.upperBody,"Onboarding flow (gender, age, level, goal, focus, weight, height, paywall, calories, screen time, preview)",Upper Body,Overkropp,
onboarding,onboarding.steps.focus.options.lowerBody,"Onboarding flow (gender, age, level, goal, focus, weight, height, paywall, calories, screen time, preview)",Lower Body,Underkropp,
onboarding,onboarding.steps.focus.options.fullBody,"Onboarding flow (gender, age, level, goal, focus, weight, height, paywall, calories, screen time, preview)",Full Body,Hele kroppen,
onboarding,onboarding.steps.advancedFocus.title,"Onboarding flow (gender, age, level, goal, focus, weight, height, paywall, calories, screen time, preview)",Focus,Fokus,
onboarding,onboarding.steps.advancedFocus.eyebrow,"Onboarding flow (gender, age, level, goal, focus, weight, height, paywall, calories, screen time, preview)",FOCUS AREAS,FOKUSOMRÅDER,
onboarding,onboarding.steps.advancedFocus.heading,"Onboarding flow (gender, age, level, goal, focus, weight, height, paywall, calories, screen time, preview)",Where Do you want to get Stronger?,Hvor vil du bli sterkere?,
onboarding,onboarding.steps.advancedFocus.description,"Onboarding flow (gender, age, level, goal, focus, weight, height, paywall, calories, screen time, preview)",Tap all that apply.,Trykk på alle som passer.,
onboarding,onboarding.steps.advancedFocus.tabs.front,"Onboarding flow (gender, age, level, goal, focus, weight, height, paywall, calories, screen time, preview)",Front,Forside,
onboarding,onboarding.steps.advancedFocus.tabs.back,"Onboarding flow (gender, age, level, goal, focus, weight, height, paywall, calories, screen time, preview)",Back,Bakside,
onboarding,onboarding.steps.advancedFocus.options.shoulders,"Onboarding flow (gender, age, level, goal, focus, weight, height, paywall, calories, screen time, preview)",Shoulders,Skuldre,
onboarding,onboarding.steps.advancedFocus.options.back,"Onboarding flow (gender, age, level, goal, focus, weight, height, paywall, calories, screen time, preview)",Back,Rygg,
onboarding,onboarding.steps.advancedFocus.options.triceps,"Onboarding flow (gender, age, level, goal, focus, weight, height, paywall, calories, screen time, preview)",Triceps,Triceps,
onboarding,onboarding.steps.advancedFocus.options.traps,"Onboarding flow (gender, age, level, goal, focus, weight, height, paywall, calories, screen time, preview)",Traps,Trapezius,
onboarding,onboarding.steps.advancedFocus.options.biceps,"Onboarding flow (gender, age, level, goal, focus, weight, height, paywall, calories, screen time, preview)",Biceps,Biceps,
onboarding,onboarding.steps.advancedFocus.options.chest,"Onboarding flow (gender, age, level, goal, focus, weight, height, paywall, calories, screen time, preview)",Chest,Bryst,
onboarding,onboarding.steps.advancedFocus.options.forearms,"Onboarding flow (gender, age, level, goal, focus, weight, height, paywall, calories, screen time, preview)",Forearms,Underarmer,
onboarding,onboarding.steps.advancedFocus.options.glutes,"Onboarding flow (gender, age, level, goal, focus, weight, height, paywall, calories, screen time, preview)",Glutes,Setemuskler,
onboarding,onboarding.steps.advancedFocus.options.hamstrings,"Onboarding flow (gender, age, level, goal, focus, weight, height, paywall, calories, screen time, preview)",Hamstrings,Bakside lår,
onboarding,onboarding.steps.advancedFocus.options.calves,"Onboarding flow (gender, age, level, goal, focus, weight, height, paywall, calories, screen time, preview)",Calves,Legger,
onboarding,onboarding.steps.advancedFocus.options.neck,"Onboarding flow (gender, age, level, goal, focus, weight, height, paywall, calories, screen time, preview)",Neck,Nakke,
onboarding,onboarding.steps.advancedFocus.options.legs,"Onboarding flow (gender, age, level, goal, focus, weight, height, paywall, calories, screen time, preview)",Legs,Bein,
onboarding,onboarding.steps.advancedFocus.options.quads,"Onboarding flow (gender, age, level, goal, focus, weight, height, paywall, calories, screen time, preview)",Quads,Forside lår,
onboarding,onboarding.steps.advancedFocus.options.abs,"Onboarding flow (gender, age, level, goal, focus, weight, height, paywall, calories, screen time, preview)",Abs,Mage,
onboarding,onboarding.steps.friction.title,"Onboarding flow (gender, age, level, goal, focus, weight, height, paywall, calories, screen time, preview)",Friction,Friksjon,
onboarding,onboarding.steps.friction.eyebrow,"Onboarding flow (gender, age, level, goal, focus, weight, height, paywall, calories, screen time, preview)",PRIMARY FRICTION,PRIMÆR FRIKSJON,
onboarding,onboarding.steps.friction.heading,"Onboarding flow (gender, age, level, goal, focus, weight, height, paywall, calories, screen time, preview)",What stops you from reaching your Goal?,Hva stopper deg fra å nå målet ditt?,
onboarding,onboarding.steps.friction.description,"Onboarding flow (gender, age, level, goal, focus, weight, height, paywall, calories, screen time, preview)",We'll build ERA around removing this barrier.,Vi bygger ERA rundt å fjerne denne barrieren.,
onboarding,onboarding.steps.friction.options.structure,"Onboarding flow (gender, age, level, goal, focus, weight, height, paywall, calories, screen time, preview)",I lack Structure,Jeg mangler struktur,
onboarding,onboarding.steps.friction.options.time,"Onboarding flow (gender, age, level, goal, focus, weight, height, paywall, calories, screen time, preview)",I don’t have time,Jeg har ikke tid,
onboarding,onboarding.steps.friction.options.guidance,"Onboarding flow (gender, age, level, goal, focus, weight, height, paywall, calories, screen time, preview)",I don’t know what to do,Jeg vet ikke hva jeg skal gjøre,
onboarding,onboarding.steps.friction.options.injuries,"Onboarding flow (gender, age, level, goal, focus, weight, height, paywall, calories, screen time, preview)",Injuries hold me back,Skader holder meg tilbake,
onboarding,onboarding.steps.weight.title,"Onboarding flow (gender, age, level, goal, focus, weight, height, paywall, calories, screen time, preview)",Weight,Vekt,
onboarding,onboarding.steps.weight.eyebrow,"Onboarding flow (gender, age, level, goal, focus, weight, height, paywall, calories, screen time, preview)",CURRENT BODY METRICS,KROPPSMÅL,
onboarding,onboarding.steps.weight.heading,"Onboarding flow (gender, age, level, goal, focus, weight, height, paywall, calories, screen time, preview)",What’s your weight?,Hva veier du?,
onboarding,onboarding.steps.weight.description,"Onboarding flow (gender, age, level, goal, focus, weight, height, paywall, calories, screen time, preview)",This us helps adjust workouts to fit your body.,Dette hjelper oss å tilpasse treningen til kroppen din.,
onboarding,onboarding.steps.height.title,"Onboarding flow (gender, age, level, goal, focus, weight, height, paywall, calories, screen time, preview)",Height,Høyde,
onboarding,onboarding.steps.height.eyebrow,"Onboarding flow (gender, age, level, goal, focus, weight, height, paywall, calories, screen time, preview)",CURRENT BODY METRICS,KROPPSMÅL,
onboarding,onboarding.steps.height.heading,"Onboarding flow (gender, age, level, goal, focus, weight, height, paywall, calories, screen time, preview)",What’s your Height?,Hva er høyden din?,
onboarding,onboarding.steps.height.description,"Onboarding flow (gender, age, level, goal, focus, weight, height, paywall, calories, screen time, preview)",This us helps adjust workouts to fit your body.,Dette hjelper oss å tilpasse treningen til kroppen din.,
onboarding,onboarding.steps.height.bmi.label,"Onboarding flow (gender, age, level, goal, focus, weight, height, paywall, calories, screen time, preview)",Your BMI,Din BMI,
onboarding,onboarding.steps.height.bmi.below,"Onboarding flow (gender, age, level, goal, focus, weight, height, paywall, calories, screen time, preview)",Your BMI is below normal range - you need to gain weight for a healthier you.,BMI-en din er under normalområdet - du bør gå opp i vekt for bedre helse.,
onboarding,onboarding.steps.height.bmi.healthy,"Onboarding flow (gender, age, level, goal, focus, weight, height, paywall, calories, screen time, preview)","Your BMI is in a healthy range - keep it up for a stronger, healthier you.",BMI-en din er i et sunt område - fortsett slik for en sterkere og sunnere kropp.,
onboarding,onboarding.steps.height.bmi.overweight,"Onboarding flow (gender, age, level, goal, focus, weight, height, paywall, calories, screen time, preview)",Your BMI is in the overweight range - a balanced diet and exercise can help.,BMI-en din er i overvektsområdet - et balansert kosthold og trening kan hjelpe.,
onboarding,onboarding.steps.height.bmi.obese,"Onboarding flow (gender, age, level, goal, focus, weight, height, paywall, calories, screen time, preview)",Your BMI is in the obese range - consider consulting a healthcare provider.,BMI-en din er i fedmeområdet - vurder å snakke med helsepersonell.,
onboarding,onboarding.steps.paywall.title,"Onboarding flow (gender, age, level, goal, focus, weight, height, paywall, calories, screen time, preview)",Unlimited,Ubegrenset,
onboarding,onboarding.steps.paywall.eyebrow,"Onboarding flow (gender, age, level, goal, focus, weight, height, paywall, calories, screen time, preview)",,,
onboarding,onboarding.steps.paywall.heading,"Onboarding flow (gender, age, level, goal, focus, weight, height, paywall, calories, screen time, preview)",Get Unlimited Experience.,Få ubegrenset opplevelse.,
onboarding,onboarding.steps.paywall.description,"Onboarding flow (gender, age, level, goal, focus, weight, height, paywall, calories, screen time, preview)",,,
onboarding,onboarding.steps.paywall.placeholderTitle,"Onboarding flow (gender, age, level, goal, focus, weight, height, paywall, calories, screen time, preview)",Paywall,Betalingsside,
onboarding,onboarding.steps.paywall.placeholderSubtitle,"Onboarding flow (gender, age, level, goal, focus, weight, height, paywall, calories, screen time, preview)",Coming soon,Kommer snart,
onboarding,onboarding.steps.paywall.loading,"Onboarding flow (gender, age, level, goal, focus, weight, height, paywall, calories, screen time, preview)",Loading plans...,Laster abonnementer...,
onboarding,onboarding.steps.paywall.retry,"Onboarding flow (gender, age, level, goal, focus, weight, height, paywall, calories, screen time, preview)",Try again,Prøv igjen,
onboarding,onboarding.steps.paywall.empty,"Onboarding flow (gender, age, level, goal, focus, weight, height, paywall, calories, screen time, preview)",Plans are unavailable right now. Please try again shortly.,Abonnementene er utilgjengelige akkurat nå. Prøv igjen om litt.,
onboarding,onboarding.steps.paywall.tierToggle.standard,"Onboarding flow (gender, age, level, goal, focus, weight, height, paywall, calories, screen time, preview)",Standard,Standard,
onboarding,onboarding.steps.paywall.tierToggle.pro,"Onboarding flow (gender, age, level, goal, focus, weight, height, paywall, calories, screen time, preview)",Pro,Pro,
onboarding,onboarding.steps.paywall.period.monthly,"Onboarding flow (gender, age, level, goal, focus, weight, height, paywall, calories, screen time, preview)",Monthly,Månedlig,
onboarding,onboarding.steps.paywall.period.annual,"Onboarding flow (gender, age, level, goal, focus, weight, height, paywall, calories, screen time, preview)",Annual,Årlig,
onboarding,onboarding.steps.paywall.period.perMonth,"Onboarding flow (gender, age, level, goal, focus, weight, height, paywall, calories, screen time, preview)",/ month,/ måned,
onboarding,onboarding.steps.paywall.period.perYear,"Onboarding flow (gender, age, level, goal, focus, weight, height, paywall, calories, screen time, preview)",/ year,/ år,
onboarding,onboarding.steps.paywall.annualBadge,"Onboarding flow (gender, age, level, goal, focus, weight, height, paywall, calories, screen time, preview)",Best value,Beste verdi,
onboarding,onboarding.steps.paywall.cta,"Onboarding flow (gender, age, level, goal, focus, weight, height, paywall, calories, screen time, preview)",Start subscription,Start abonnement,
onboarding,onboarding.steps.paywall.ctaActive,"Onboarding flow (gender, age, level, goal, focus, weight, height, paywall, calories, screen time, preview)",You're subscribed,Du er abonnent,
onboarding,onboarding.steps.paywall.restore,"Onboarding flow (gender, age, level, goal, focus, weight, height, paywall, calories, screen time, preview)",Restore purchases,Gjenopprett kjøp,
onboarding,onboarding.steps.paywall.skip,"Onboarding flow (gender, age, level, goal, focus, weight, height, paywall, calories, screen time, preview)",Maybe later,Kanskje senere,
onboarding,onboarding.steps.paywall.success,"Onboarding flow (gender, age, level, goal, focus, weight, height, paywall, calories, screen time, preview)",Subscription active,Abonnementet er aktivt,
onboarding,onboarding.steps.paywall.errors.purchaseFailed,"Onboarding flow (gender, age, level, goal, focus, weight, height, paywall, calories, screen time, preview)",Purchase failed. Please try again.,Kjøpet mislyktes. Prøv igjen.,
onboarding,onboarding.steps.paywall.errors.restoreFailed,"Onboarding flow (gender, age, level, goal, focus, weight, height, paywall, calories, screen time, preview)",Nothing to restore.,Ingen kjøp å gjenopprette.,
onboarding,onboarding.steps.calories.title,"Onboarding flow (gender, age, level, goal, focus, weight, height, paywall, calories, screen time, preview)",Calories,Kalorier,
onboarding,onboarding.steps.calories.leadingText,"Onboarding flow (gender, age, level, goal, focus, weight, height, paywall, calories, screen time, preview)",Pick a starting ,Velg et startpunkt for ,
onboarding,onboarding.steps.calories.highlightedText,"Onboarding flow (gender, age, level, goal, focus, weight, height, paywall, calories, screen time, preview)",daily target,daglig mål,
onboarding,onboarding.steps.calories.trailingText,"Onboarding flow (gender, age, level, goal, focus, weight, height, paywall, calories, screen time, preview)",.,.,
onboarding,onboarding.steps.calories.options.kcal1800,"Onboarding flow (gender, age, level, goal, focus, weight, height, paywall, calories, screen time, preview)",1800 kcal,1800 kcal,
onboarding,onboarding.steps.calories.options.kcal2100,"Onboarding flow (gender, age, level, goal, focus, weight, height, paywall, calories, screen time, preview)",2100 kcal,2100 kcal,
onboarding,onboarding.steps.calories.options.kcal2400,"Onboarding flow (gender, age, level, goal, focus, weight, height, paywall, calories, screen time, preview)",2400 kcal,2400 kcal,
onboarding,onboarding.steps.calories.options.customLater,"Onboarding flow (gender, age, level, goal, focus, weight, height, paywall, calories, screen time, preview)",Custom later,Tilpass senere,
onboarding,onboarding.steps.screenTime.title,"Onboarding flow (gender, age, level, goal, focus, weight, height, paywall, calories, screen time, preview)",Screen Time,Skjermtid,
onboarding,onboarding.steps.screenTime.leadingText,"Onboarding flow (gender, age, level, goal, focus, weight, height, paywall, calories, screen time, preview)",How much time can ERA plan around ,Hvor mye tid kan ERA planlegge rundt ,
onboarding,onboarding.steps.screenTime.highlightedText,"Onboarding flow (gender, age, level, goal, focus, weight, height, paywall, calories, screen time, preview)",each day,hver dag,
onboarding,onboarding.steps.screenTime.trailingText,"Onboarding flow (gender, age, level, goal, focus, weight, height, paywall, calories, screen time, preview)",?,?,
onboarding,onboarding.steps.screenTime.options.minutes30,"Onboarding flow (gender, age, level, goal, focus, weight, height, paywall, calories, screen time, preview)",30 minutes,30 minutter,
onboarding,onboarding.steps.screenTime.options.minutes45,"Onboarding flow (gender, age, level, goal, focus, weight, height, paywall, calories, screen time, preview)",45 minutes,45 minutter,
onboarding,onboarding.steps.screenTime.options.minutes60,"Onboarding flow (gender, age, level, goal, focus, weight, height, paywall, calories, screen time, preview)",60 minutes,60 minutter,
onboarding,onboarding.steps.screenTime.options.minutes90,"Onboarding flow (gender, age, level, goal, focus, weight, height, paywall, calories, screen time, preview)",90 minutes,90 minutter,
onboarding,onboarding.steps.preview.title,"Onboarding flow (gender, age, level, goal, focus, weight, height, paywall, calories, screen time, preview)",Plan,Plan,
onboarding,onboarding.steps.preview.leadingText,"Onboarding flow (gender, age, level, goal, focus, weight, height, paywall, calories, screen time, preview)",Your setup is ,Oppsettet ditt er ,
onboarding,onboarding.steps.preview.highlightedText,"Onboarding flow (gender, age, level, goal, focus, weight, height, paywall, calories, screen time, preview)",ready,klart,
onboarding,onboarding.steps.preview.trailingText,"Onboarding flow (gender, age, level, goal, focus, weight, height, paywall, calories, screen time, preview)",.,.,
onboarding,onboarding.steps.preview.heading,"Onboarding flow (gender, age, level, goal, focus, weight, height, paywall, calories, screen time, preview)",Get Unlimited Experience.,Få ubegrenset opplevelse.,
onboarding,onboarding.steps.preview.body,"Onboarding flow (gender, age, level, goal, focus, weight, height, paywall, calories, screen time, preview)","Your onboarding answers are ready. ERA can now create a plan around your goals, focus, and friction points.","Svarene dine er klare. ERA kan nå lage en plan rundt målene, fokuset og hindringene dine.",
planGeneration,planGeneration.title,Loading screen while plan is built after onboarding,Plan Generation,Planlegging,
planGeneration,planGeneration.headingLine1,Loading screen while plan is built after onboarding,"Your Journey to a Stronger, Healthier You ","Din reise til en sterkere, sunnere deg ",
planGeneration,planGeneration.headingLine2,Loading screen while plan is built after onboarding,Starts Here.,Starter her.,
planGeneration,planGeneration.description,Loading screen while plan is built after onboarding,"Our personalized plan is on the way, tailored to your fitness journey.","Din personlige plan er på vei, skreddersydd for din treningsreise.",
planGeneration,planGeneration.estimatedTime,Loading screen while plan is built after onboarding,Estimated Time,Estimert tid,
planGeneration,planGeneration.steps.analysingLevel,Loading screen while plan is built after onboarding,Analysing your Training Level,Analyserer treningsnivået ditt,
planGeneration,planGeneration.steps.creatingProgram,Loading screen while plan is built after onboarding,Creating Tailored Program for you,Lager skreddersydd program for deg,
planGeneration,planGeneration.steps.buildingStructure,Loading screen while plan is built after onboarding,Building your 12 week Structure,Bygger din 12-ukers struktur,
planGeneration,planGeneration.steps.calculatingWeights,Loading screen while plan is built after onboarding,Calculating Your Starting Weights,Beregner startvektene dine,
planGeneration,planGeneration.steps.preparingDiet,Loading screen while plan is built after onboarding,Preparing Your Diet Plan,Forbereder kostholdsplanen din,
planGeneration,planGeneration.steps.programReady,Loading screen while plan is built after onboarding,Your ERA Program is Ready,ERA-programmet ditt er klart,
planGeneration,planGeneration.actions.retry,Loading screen while plan is built after onboarding,Retry,Prøv igjen,
tabs,tabs.workout,Bottom tab bar labels,Workout,Trening,
tabs,tabs.weights,Bottom tab bar labels,Weights,Vekter,
tabs,tabs.nutrition,Bottom tab bar labels,Nutrition,Ernæring,
tabs,tabs.progress,Bottom tab bar labels,Progress,Fremgang,
screens,screens.settings,Top-of-screen titles,Settings,Innstillinger,
screens,screens.profile,Top-of-screen titles,Profile,Profil,
screens,screens.notifications,Top-of-screen titles,Notifications,Varsler,
twelveWeekCompletion,twelveWeekCompletion.title,Screen shown after completing 12 weeks,"You Finished.
Now you are Stronger!","Du er ferdig.
Nå er du sterkere!",
twelveWeekCompletion,twelveWeekCompletion.weekComplete,Screen shown after completing 12 weeks,Week 12 Complete,Uke 12 fullført,
twelveWeekCompletion,twelveWeekCompletion.statSessions,Screen shown after completing 12 weeks,Sessions,Økter,
twelveWeekCompletion,twelveWeekCompletion.statPrs,Screen shown after completing 12 weeks,PRs Achieved,PR-er oppnådd,
twelveWeekCompletion,twelveWeekCompletion.statPoints,Screen shown after completing 12 weeks,ERA Points,ERA-poeng,
twelveWeekCompletion,twelveWeekCompletion.recap,Screen shown after completing 12 weeks,"12 weeks. 72 sessions.
Every rep built the real you.","12 uker. 72 økter.
Hver repetisjon bygde den ekte deg.",
twelveWeekCompletion,twelveWeekCompletion.cta,Screen shown after completing 12 weeks,What's Next?,Hva er neste?,
twelveWeekCompletion,twelveWeekCompletion.devTestButton,Screen shown after completing 12 weeks,12-Week Completion,12-ukers fullføring,
cycle2Begins,cycle2Begins.title,Screen shown when starting next 12-week cycle,Cycle 2 Begins,Syklus 2 starter,
cycle2Begins,cycle2Begins.subtitle,Screen shown when starting next 12-week cycle,"Your new starting weights have been calculated from your Week 12 performance. Week 1 starts now, heavier.","De nye startvektene dine er beregnet fra Uke 12-prestasjonen din. Uke 1 starter nå, tyngre.",
cycle2Begins,cycle2Begins.colExercises,Screen shown when starting next 12-week cycle,Exercises,Øvelser,
cycle2Begins,cycle2Begins.colOld,Screen shown when starting next 12-week cycle,Old,Gammel,
cycle2Begins,cycle2Begins.colNew,Screen shown when starting next 12-week cycle,New,Ny,
cycle2Begins,cycle2Begins.footnote,Screen shown when starting next 12-week cycle,Your previous 12-week cycle is saved permanently in your history.,Din forrige 12-ukers syklus er lagret permanent i historikken.,
cycle2Begins,cycle2Begins.cta,Screen shown when starting next 12-week cycle,"Start Cycle 2, Week 1","Start Syklus 2, Uke 1",
cycle2Begins,cycle2Begins.empty,Screen shown when starting next 12-week cycle,Not enough cycle 1 data yet.,Ikke nok syklus 1-data ennå.,
cycle2Begins,cycle2Begins.lifts.benchPress,Screen shown when starting next 12-week cycle,Bench Press,Benkpress,
cycle2Begins,cycle2Begins.lifts.squat,Screen shown when starting next 12-week cycle,Squat,Knebøy,
cycle2Begins,cycle2Begins.lifts.militaryPress,Screen shown when starting next 12-week cycle,Military Press,Skulderpress,
cycle2Begins,cycle2Begins.lifts.inclinePress,Screen shown when starting next 12-week cycle,Incline Press,Skrå benkpress,
cycle2Begins,cycle2Begins.lifts.barbellRow,Screen shown when starting next 12-week cycle,Barbell Row,Stangroing,
cycle2Begins,cycle2Begins.lifts.inclineBarbellPress,Screen shown when starting next 12-week cycle,Incline Barbell Press,Skrå benkpress med stang,
cycle2Begins,cycle2Begins.lifts.tBarRow,Screen shown when starting next 12-week cycle,T-Bar Row,T-stang roing,
cycle2Begins,cycle2Begins.lifts.frontSquat,Screen shown when starting next 12-week cycle,Front Squat,Frontknebøy,
cycle2Begins,cycle2Begins.lifts.behindNeckPress,Screen shown when starting next 12-week cycle,Behind-the-Neck Press,Bak-nakke press,
cycle2Begins,cycle2Begins.lifts.closeGripBenchPress,Screen shown when starting next 12-week cycle,Close-Grip Bench Press,Smalt grep benkpress,
whatComesNow,whatComesNow.title,Choice after 12 weeks (Restart / Deload / Next program),What Comes Now?,Hva kommer nå?,
whatComesNow,whatComesNow.subtitle,Choice after 12 weeks (Restart / Deload / Next program),Choose how you continue your journey. There is no wrong answer.,Velg hvordan du vil fortsette reisen. Det finnes ingen feil svar.,
whatComesNow,whatComesNow.cta,Choice after 12 weeks (Restart / Deload / Next program),Confirm & Start,Bekreft og start,
whatComesNow,whatComesNow.errorTitle,Choice after 12 weeks (Restart / Deload / Next program),Couldn't start next cycle,Kunne ikke starte neste syklus,
whatComesNow,whatComesNow.restart.title,Choice after 12 weeks (Restart / Deload / Next program),Restart Heavier,Start tyngre,
whatComesNow,whatComesNow.restart.badge,Choice after 12 weeks (Restart / Deload / Next program),Most Popular,Mest populær,
whatComesNow,whatComesNow.restart.bullets[0],Choice after 12 weeks (Restart / Deload / Next program),The program resets to Week 1.,Programmet starter på nytt fra Uke 1.,
whatComesNow,whatComesNow.restart.bullets[1],Choice after 12 weeks (Restart / Deload / Next program),It starts with new weights calculated from your Week 12 performance.,Det starter med nye vekter beregnet fra Uke 12-prestasjonen din.,
whatComesNow,whatComesNow.restart.bullets[2],Choice after 12 weeks (Restart / Deload / Next program),Progressive overload continues from a stronger base.,Progressiv overbelastning fortsetter fra et sterkere grunnlag.,
whatComesNow,whatComesNow.deload.title,Choice after 12 weeks (Restart / Deload / Next program),Deload Week,Avlastningsuke,
whatComesNow,whatComesNow.deload.badge,Choice after 12 weeks (Restart / Deload / Next program),Recommended,Anbefalt,
whatComesNow,whatComesNow.deload.bullets[0],Choice after 12 weeks (Restart / Deload / Next program),One week at 55% of your Week 12 weights.,Én uke på 55 % av Uke 12-vektene dine.,
whatComesNow,whatComesNow.deload.bullets[1],Choice after 12 weeks (Restart / Deload / Next program),"Full recovery for muscles, joints, and nervous system — then restart heavier.","Full restitusjon for muskler, ledd og nervesystem — så start tyngre.",
whatComesNow,whatComesNow.next.title,Choice after 12 weeks (Restart / Deload / Next program),Next Program,Neste program,
whatComesNow,whatComesNow.next.badge,Choice after 12 weeks (Restart / Deload / Next program),ERA Pro,ERA Pro,
whatComesNow,whatComesNow.next.bullets[0],Choice after 12 weeks (Restart / Deload / Next program),You have outgrown this program.,Du har vokst forbi dette programmet.,
whatComesNow,whatComesNow.next.bullets[1],Choice after 12 weeks (Restart / Deload / Next program),ERA suggests your next level — Intermediate or Advanced — for a new challenge.,ERA foreslår ditt neste nivå — Mellomliggende eller Avansert — for en ny utfordring.,
profile,profile.fallbackName,"Profile + Settings (subscription, language, legal Terms/Privacy)",User,Bruker,
profile,profile.sections.subscription,"Profile + Settings (subscription, language, legal Terms/Privacy)",Subscription,Abonnement,
profile,profile.sections.appSettings,"Profile + Settings (subscription, language, legal Terms/Privacy)",App Settings,App-innstillinger,
profile,profile.sections.support,"Profile + Settings (subscription, language, legal Terms/Privacy)",Support,Støtte,
profile,profile.sections.sessionManagement,"Profile + Settings (subscription, language, legal Terms/Privacy)",Session Management,Øktbehandling,
profile,profile.language,"Profile + Settings (subscription, language, legal Terms/Privacy)",Language,Språk,
profile,profile.weightUnit,"Profile + Settings (subscription, language, legal Terms/Privacy)",Weight Unit,Vektenhet,
profile,profile.termsOfService,"Profile + Settings (subscription, language, legal Terms/Privacy)",Terms of Service,Vilkår for bruk,
profile,profile.privacyPolicy,"Profile + Settings (subscription, language, legal Terms/Privacy)",Privacy Policy,Personvern,
profile,profile.signOut,"Profile + Settings (subscription, language, legal Terms/Privacy)",Sign Out,Logg ut,
profile,profile.deleteAccount,"Profile + Settings (subscription, language, legal Terms/Privacy)",Delete Account,Slett konto,
profile,profile.deleteAccountConfirmTitle,"Profile + Settings (subscription, language, legal Terms/Privacy)",Delete account?,Slette konto?,
profile,profile.deleteAccountConfirmBody,"Profile + Settings (subscription, language, legal Terms/Privacy)","This will permanently delete all your data — workouts, PRs, streaks, photos, and goals. You'll be signed out and need to start fresh. This cannot be undone.","Dette sletter alle dine data permanent — treninger, PRs, streaks, bilder og mål. Du blir logget ut og må starte på nytt. Dette kan ikke angres.",
profile,profile.deleteAccountCancel,"Profile + Settings (subscription, language, legal Terms/Privacy)",Cancel,Avbryt,
profile,profile.deleteAccountConfirm,"Profile + Settings (subscription, language, legal Terms/Privacy)",Delete,Slett,
profile,profile.deleteAccountFailedTitle,"Profile + Settings (subscription, language, legal Terms/Privacy)",Couldn't delete account,Kunne ikke slette konto,
profile,profile.version,"Profile + Settings (subscription, language, legal Terms/Privacy)",ERA v1.0.0,ERA v1.0.0,
profile,profile.freeTrial,"Profile + Settings (subscription, language, legal Terms/Privacy)",ERA Free Trial,ERA Gratis prøveperiode,
profile,profile.tierLabel.free,"Profile + Settings (subscription, language, legal Terms/Privacy)",ERA Free,ERA Gratis,
profile,profile.tierLabel.standard,"Profile + Settings (subscription, language, legal Terms/Privacy)",ERA Standard,ERA Standard,
profile,profile.tierLabel.pro,"Profile + Settings (subscription, language, legal Terms/Privacy)",ERA Pro,ERA Pro,
profile,profile.manageSubscription,"Profile + Settings (subscription, language, legal Terms/Privacy)",Manage Subscription,Administrer abonnement,
profile,profile.upgradePlan,"Profile + Settings (subscription, language, legal Terms/Privacy)",Upgrade Plan,Oppgrader abonnement,
profile,profile.upgradeFailed,"Profile + Settings (subscription, language, legal Terms/Privacy)",Couldn't open paywall. Please try again.,Kunne ikke åpne paywall. Prøv igjen.,
profile,profile.freePlanCta,"Profile + Settings (subscription, language, legal Terms/Privacy)",Upgrade for full access,Oppgrader for full tilgang,
profile,profile.daysLeft,"Profile + Settings (subscription, language, legal Terms/Privacy)",{{count}} Days Left,{{count}} dager igjen,
profile,profile.eraPoints,"Profile + Settings (subscription, language, legal Terms/Privacy)",ERA points,ERA-poeng,
profile,profile.dayStreak,"Profile + Settings (subscription, language, legal Terms/Privacy)",day streak,dagers rekke,
profile,profile.workouts,"Profile + Settings (subscription, language, legal Terms/Privacy)",Workouts,Treninger,
profile,profile.languageEng,"Profile + Settings (subscription, language, legal Terms/Privacy)",ENG,ENG,
profile,profile.languageNor,"Profile + Settings (subscription, language, legal Terms/Privacy)",NOR,NOR,
profile,profile.weightKg,"Profile + Settings (subscription, language, legal Terms/Privacy)",KG,KG,
profile,profile.weightLbs,"Profile + Settings (subscription, language, legal Terms/Privacy)",LBS,LBS,
profile,profile.weekProgress,"Profile + Settings (subscription, language, legal Terms/Privacy)",Week {{current}}/{{total}},Uke {{current}}/{{total}},
profile,profile.metaSeparator,"Profile + Settings (subscription, language, legal Terms/Privacy)", • , • ,
profile,profile.gender.male,"Profile + Settings (subscription, language, legal Terms/Privacy)",Male,Mann,
profile,profile.gender.female,"Profile + Settings (subscription, language, legal Terms/Privacy)",Female,Kvinne,
profile,profile.level.beginner,"Profile + Settings (subscription, language, legal Terms/Privacy)",Beginner,Nybegynner,
profile,profile.level.intermediate,"Profile + Settings (subscription, language, legal Terms/Privacy)",Intermediate,Viderekommen,
profile,profile.level.advanced,"Profile + Settings (subscription, language, legal Terms/Privacy)",Advanced,Avansert,
profile,profile.legal.eyebrow,"Profile + Settings (subscription, language, legal Terms/Privacy)",ERA Fitness,ERA Fitness,
profile,profile.legal.lastUpdatedLabel,"Profile + Settings (subscription, language, legal Terms/Privacy)",Last updated,Sist oppdatert,
profile,profile.legal.contactLabel,"Profile + Settings (subscription, language, legal Terms/Privacy)",Get in touch,Ta kontakt,
profile,profile.legal.contactValue,"Profile + Settings (subscription, language, legal Terms/Privacy)",support@erafitness.no,support@erafitness.no,
profile,profile.legal.terms.title,"Profile + Settings (subscription, language, legal Terms/Privacy)",Terms of Service,Vilkår for bruk,
profile,profile.legal.terms.lastUpdated,"Profile + Settings (subscription, language, legal Terms/Privacy)",May 2026,Mai 2026,
profile,profile.legal.terms.intro,"Profile + Settings (subscription, language, legal Terms/Privacy)","Welcome to ERA. By creating an account or using the ERA mobile app, you agree to these Terms of Service. Please read them carefully — they govern how you use the app, your subscription, and the personalized training and nutrition guidance we provide.","Velkommen til ERA. Når du oppretter en konto eller bruker ERA-appen, godtar du disse vilkårene. Les dem nøye – de beskriver hvordan du kan bruke appen, abonnementet ditt og den personlige treningen og kostholdsveiledningen vi tilbyr.",
profile,profile.legal.terms.sections[0].heading,"Profile + Settings (subscription, language, legal Terms/Privacy)",Acceptance of Terms,Godkjenning av vilkårene,
profile,profile.legal.terms.sections[0].body,"Profile + Settings (subscription, language, legal Terms/Privacy)","By installing, accessing, or using the ERA app, you confirm that you are at least 16 years old and that you accept these terms in full. If you do not agree, please discontinue use and uninstall the app.","Ved å installere, åpne eller bruke ERA-appen bekrefter du at du er minst 16 år, og at du godtar disse vilkårene fullt ut. Hvis du ikke er enig, må du slutte å bruke appen og avinstallere den.",
profile,profile.legal.terms.sections[1].heading,"Profile + Settings (subscription, language, legal Terms/Privacy)",Health & Fitness Disclaimer,Helse- og treningsforbehold,
profile,profile.legal.terms.sections[1].body,"Profile + Settings (subscription, language, legal Terms/Privacy)","ERA provides training programs, nutrition guidance, and progress tracking for general fitness purposes only. We are not a medical provider. Consult a qualified physician before starting any new training or nutrition plan, especially if you have a pre-existing condition, are pregnant, or are recovering from an injury. You exercise at your own risk.","ERA tilbyr treningsprogrammer, kostholdsveiledning og progresjonssporing kun for generell treningsbruk. Vi er ikke en helseaktør. Kontakt lege før du starter et nytt program, særlig ved sykdom, graviditet eller skade. All trening skjer på eget ansvar.",
profile,profile.legal.terms.sections[2].heading,"Profile + Settings (subscription, language, legal Terms/Privacy)",Your Account,Din konto,
profile,profile.legal.terms.sections[2].body,"Profile + Settings (subscription, language, legal Terms/Privacy)","You are responsible for the accuracy of the information you provide during onboarding, for safeguarding your login credentials, and for all activity that occurs under your account. Notify us immediately if you suspect unauthorized access.","Du er ansvarlig for at opplysningene du oppgir i onboarding er korrekte, for å holde innloggingsinformasjonen din trygg, og for all aktivitet som skjer fra kontoen din. Si fra umiddelbart hvis du mistenker uautorisert tilgang.",
profile,profile.legal.terms.sections[3].heading,"Profile + Settings (subscription, language, legal Terms/Privacy)",Subscriptions & Billing,Abonnement og betaling,
profile,profile.legal.terms.sections[3].body,"Profile + Settings (subscription, language, legal Terms/Privacy)","ERA offers Free Trial, Standard, Pro, and Familie subscription tiers. Paid subscriptions renew automatically through your app store account unless cancelled at least 24 hours before the renewal date. Refunds are handled by the app store in accordance with their policies.","ERA har Gratis prøveperiode, Standard, Pro og Familie. Betalte abonnementer fornyes automatisk via app-butikk-kontoen din med mindre du sier opp minst 24 timer før fornyelsen. Refusjon håndteres av app-butikken etter deres regler.",
profile,profile.legal.terms.sections[4].heading,"Profile + Settings (subscription, language, legal Terms/Privacy)",Acceptable Use,Akseptabel bruk,
profile,profile.legal.terms.sections[4].body,"Profile + Settings (subscription, language, legal Terms/Privacy)","You agree not to misuse the app, attempt to reverse-engineer it, share your account, scrape content, or use ERA to harass, impersonate, or harm other users on the social leaderboard. We may suspend or terminate accounts that violate these rules.","Du forplikter deg til å ikke misbruke appen, ikke prøve å reversere koden, ikke dele kontoen din, ikke hente ut innhold automatisk, og ikke trakassere, utgi deg for noen andre eller skade andre brukere på den sosiale ledertavlen. Vi kan stenge kontoer som bryter disse reglene.",
profile,profile.legal.terms.sections[5].heading,"Profile + Settings (subscription, language, legal Terms/Privacy)",Content & Intellectual Property,Innhold og opphavsrett,
profile,profile.legal.terms.sections[5].body,"Profile + Settings (subscription, language, legal Terms/Privacy)","All training programs, exercise videos, written guidance, brand assets, and UI designs in ERA are owned by ERA Fitness AS and protected by Norwegian and international copyright law. You receive a personal, non-transferable licence to use the content while your subscription is active.","Alle treningsprogrammer, øvelsesvideoer, tekster, merkevareelementer og designet i ERA eies av ERA Fitness AS og er beskyttet av norsk og internasjonal opphavsrett. Du får en personlig, ikke-overførbar lisens til å bruke innholdet så lenge abonnementet er aktivt.",
profile,profile.legal.terms.sections[6].heading,"Profile + Settings (subscription, language, legal Terms/Privacy)",User-Generated Content,Brukergenerert innhold,
profile,profile.legal.terms.sections[6].body,"Profile + Settings (subscription, language, legal Terms/Privacy)","Progress photos, notes, weight logs, and similar entries you create stay yours. By uploading them, you grant ERA a limited licence to store and display this content back to you and (if you opt in) to friends on your leaderboard. We do not sell your personal content.","Progresjonsbilder, notater, vektlogger og lignende du legger inn er fortsatt dine. Ved å laste opp gir du ERA en begrenset lisens til å lagre og vise innholdet til deg, og – om du velger det – til venner på ledertavlen din. Vi selger ikke innholdet ditt videre.",
profile,profile.legal.terms.sections[7].heading,"Profile + Settings (subscription, language, legal Terms/Privacy)",Termination,Oppsigelse,
profile,profile.legal.terms.sections[7].body,"Profile + Settings (subscription, language, legal Terms/Privacy)","You may stop using ERA and delete your account at any time from the Profile screen. We may suspend or terminate access if you violate these terms, abuse other users, or use the service in a way that puts the platform or its members at risk.","Du kan slutte å bruke ERA og slette kontoen din når som helst fra Profil-skjermen. Vi kan suspendere eller stenge tilgang ved brudd på vilkårene, mobbing av andre brukere eller bruk som setter plattformen eller medlemmene i fare.",
profile,profile.legal.terms.sections[8].heading,"Profile + Settings (subscription, language, legal Terms/Privacy)",Limitation of Liability,Ansvarsbegrensning,
profile,profile.legal.terms.sections[8].body,"Profile + Settings (subscription, language, legal Terms/Privacy)","To the extent permitted by law, ERA Fitness AS is not liable for indirect damages, lost progress data caused by device issues, or injuries arising from your training. Our total liability is limited to the amount you have paid us in the last 12 months.","Innenfor det loven tillater, er ERA Fitness AS ikke ansvarlig for indirekte tap, tapt treningsdata på grunn av enhetsfeil, eller skader som oppstår under trening. Vårt samlede ansvar er begrenset til det du har betalt oss de siste 12 månedene.",
profile,profile.legal.terms.sections[9].heading,"Profile + Settings (subscription, language, legal Terms/Privacy)",Changes to These Terms,Endringer i vilkårene,
profile,profile.legal.terms.sections[9].body,"Profile + Settings (subscription, language, legal Terms/Privacy)","We may update these terms when we add features, change pricing, or adjust legal requirements. Significant changes will be announced in-app. Continued use after an update means you accept the revised terms.","Vi kan oppdatere vilkårene når vi legger til funksjoner, endrer priser eller justerer juridiske krav. Vesentlige endringer varsles i appen. Fortsatt bruk etter en oppdatering betyr at du godtar de nye vilkårene.",
profile,profile.legal.terms.sections[10].heading,"Profile + Settings (subscription, language, legal Terms/Privacy)",Governing Law,Lovvalg,
profile,profile.legal.terms.sections[10].body,"Profile + Settings (subscription, language, legal Terms/Privacy)","These terms are governed by the laws of Norway. Disputes will be handled by the courts of Oslo, unless mandatory consumer law requires a different venue.","Vilkårene er underlagt norsk lov. Tvister behandles av Oslo tingrett, med mindre ufravikelig forbrukerlovgivning krever et annet verneting.",
profile,profile.legal.privacy.title,"Profile + Settings (subscription, language, legal Terms/Privacy)",Privacy Policy,Personvernerklæring,
profile,profile.legal.privacy.lastUpdated,"Profile + Settings (subscription, language, legal Terms/Privacy)",May 2026,Mai 2026,
profile,profile.legal.privacy.intro,"Profile + Settings (subscription, language, legal Terms/Privacy)","Your trust matters. This Privacy Policy explains what information ERA collects, how we use it to personalize your training and nutrition, and the choices you have. We follow the EU GDPR and Norwegian privacy law.","Tilliten din betyr alt. Denne personvernerklæringen forklarer hva ERA samler inn, hvordan vi bruker det til å tilpasse trening og kosthold, og hvilke valg du har. Vi følger EU GDPR og norsk personvernlovgivning.",
profile,profile.legal.privacy.sections[0].heading,"Profile + Settings (subscription, language, legal Terms/Privacy)",Information We Collect,Informasjonen vi samler inn,
profile,profile.legal.privacy.sections[0].body,"Profile + Settings (subscription, language, legal Terms/Privacy)","We collect the account details you provide (name, email), onboarding answers (gender, training level, goals, weight, height), and the workout, nutrition, and progress data you log. We also collect basic device and diagnostic information so we can keep the app stable.","Vi samler inn kontoopplysningene dine (navn, e-post), svarene dine fra onboarding (kjønn, treningsnivå, mål, vekt, høyde) og dataene du logger om trening, kosthold og fremgang. Vi samler også inn grunnleggende enhets- og diagnostikkinformasjon for å holde appen stabil.",
profile,profile.legal.privacy.sections[1].heading,"Profile + Settings (subscription, language, legal Terms/Privacy)",How We Use Your Data,Hvordan vi bruker dataene,
profile,profile.legal.privacy.sections[1].body,"Profile + Settings (subscription, language, legal Terms/Privacy)","Your data is used to generate your 12-week program, suggest weights and nutrition targets, track personal records, and power your leaderboard and streak. We never sell your data and we never use your progress photos for advertising.","Dataene brukes til å lage 12-ukers programmet ditt, foreslå vekter og kostholdsmål, spore personlige rekorder, og drive ledertavlen og rekken din. Vi selger aldri data og bruker aldri progresjonsbildene dine til annonser.",
profile,profile.legal.privacy.sections[2].heading,"Profile + Settings (subscription, language, legal Terms/Privacy)",Legal Basis (GDPR),Rettslig grunnlag (GDPR),
profile,profile.legal.privacy.sections[2].body,"Profile + Settings (subscription, language, legal Terms/Privacy)","We process your data under your consent (onboarding inputs, photos), to perform the subscription contract (training plan, billing), and under our legitimate interest in keeping the service safe and improving it.","Vi behandler data basert på samtykket ditt (onboarding-svar, bilder), for å oppfylle abonnementsavtalen (treningsplan, fakturering), og på grunnlag av berettiget interesse for å holde tjenesten trygg og forbedret.",
profile,profile.legal.privacy.sections[3].heading,"Profile + Settings (subscription, language, legal Terms/Privacy)",Sharing With Third Parties,Deling med tredjeparter,
profile,profile.legal.privacy.sections[3].body,"Profile + Settings (subscription, language, legal Terms/Privacy)","We share limited data only with the providers that help us run ERA: Supabase (database and authentication), our analytics provider for crash-only diagnostics, and Apple or Google for subscription billing. These providers act as processors under data agreements.","Vi deler kun nødvendige data med leverandørene som hjelper oss å drive ERA: Supabase (database og autentisering), analyseleverandøren for kun feilsøking ved krasj, og Apple eller Google for abonnementsfakturering. Disse opptrer som databehandlere under egne avtaler.",
profile,profile.legal.privacy.sections[4].heading,"Profile + Settings (subscription, language, legal Terms/Privacy)",Data Storage & Security,Lagring og sikkerhet,
profile,profile.legal.privacy.sections[4].body,"Profile + Settings (subscription, language, legal Terms/Privacy)",Your data is stored on EU-region Supabase servers with encryption in transit and at rest. Access is limited to authorized ERA staff. We use Row-Level Security so other users cannot read your private logs.,"Dataene lagres på Supabase-servere i EU-regionen, kryptert under overføring og i hvile. Tilgangen er begrenset til autorisert ERA-personell. Vi bruker Row-Level Security slik at andre brukere ikke kan lese dine private logger.",
profile,profile.legal.privacy.sections[5].heading,"Profile + Settings (subscription, language, legal Terms/Privacy)",Your Rights,Rettighetene dine,
profile,profile.legal.privacy.sections[5].body,"Profile + Settings (subscription, language, legal Terms/Privacy)","You can access, correct, export, or delete your data at any time from the Profile screen, or by writing to us. Under GDPR you also have the right to object to processing and to lodge a complaint with Datatilsynet.","Du kan når som helst få innsyn i, rette, eksportere eller slette dataene dine fra Profil-skjermen, eller ved å skrive til oss. Etter GDPR har du også rett til å protestere mot behandling og klage til Datatilsynet.",
profile,profile.legal.privacy.sections[6].heading,"Profile + Settings (subscription, language, legal Terms/Privacy)",Progress Photos & Social Features,Progresjonsbilder og sosialt,
profile,profile.legal.privacy.sections[6].body,"Profile + Settings (subscription, language, legal Terms/Privacy)","Progress photos are private by default and visible only to you. If you choose to share them, you control with whom. Friends on your leaderboard see only the metrics you enable — never your photos or notes.","Progresjonsbilder er private som standard og synlige kun for deg. Hvis du velger å dele dem, bestemmer du selv med hvem. Venner på ledertavlen ser kun målene du aktiverer – aldri bilder eller notater.",
profile,profile.legal.privacy.sections[7].heading,"Profile + Settings (subscription, language, legal Terms/Privacy)",Data Retention,Oppbevaring av data,
profile,profile.legal.privacy.sections[7].body,"Profile + Settings (subscription, language, legal Terms/Privacy)","We keep your account data while your account is active. If you delete your account, personal data is removed within 30 days, except where we are required by law to retain billing records.","Vi beholder kontodataene så lenge kontoen er aktiv. Hvis du sletter kontoen, fjernes personopplysninger innen 30 dager, unntatt der vi er lovpålagt å beholde regnskapsinformasjon.",
profile,profile.legal.privacy.sections[8].heading,"Profile + Settings (subscription, language, legal Terms/Privacy)",Children,Barn,
profile,profile.legal.privacy.sections[8].body,"Profile + Settings (subscription, language, legal Terms/Privacy)","ERA is not directed at children under 16. We do not knowingly collect data from children. If you believe a child has registered, contact us and we will remove the account.","ERA er ikke rettet mot barn under 16 år. Vi samler ikke bevisst inn data fra barn. Hvis du tror et barn har registrert seg, ta kontakt så fjerner vi kontoen.",
profile,profile.legal.privacy.sections[9].heading,"Profile + Settings (subscription, language, legal Terms/Privacy)",Cookies & Tracking,Informasjonskapsler og sporing,
profile,profile.legal.privacy.sections[9].body,"Profile + Settings (subscription, language, legal Terms/Privacy)","The mobile app does not use advertising cookies or cross-app tracking. We only use device identifiers required for sign-in, push notifications you have enabled, and crash diagnostics.","Mobilappen bruker ikke annonseinformasjonskapsler eller kryssappsporing. Vi bruker kun enhets-ID-er som er nødvendige for innlogging, push-varsler du har godtatt, og krasjdiagnostikk.",
profile,profile.legal.privacy.sections[10].heading,"Profile + Settings (subscription, language, legal Terms/Privacy)",Changes to This Policy,Endringer i erklæringen,
profile,profile.legal.privacy.sections[10].body,"Profile + Settings (subscription, language, legal Terms/Privacy)","If we change how we handle your data, we will notify you in-app before the change takes effect. The latest version will always be available in the Profile screen.","Hvis vi endrer hvordan vi håndterer data, varsler vi deg i appen før endringen trer i kraft. Den nyeste versjonen er alltid tilgjengelig i Profil-skjermen.",
profile,profile.subscription.title,"Profile + Settings (subscription, language, legal Terms/Privacy)",Manage Subscription,Administrer abonnement,
profile,profile.subscription.active,"Profile + Settings (subscription, language, legal Terms/Privacy)",Active,Aktiv,
profile,profile.subscription.manageInStore,"Profile + Settings (subscription, language, legal Terms/Privacy)",Cancel or change plan,Avbryt eller bytt abonnement,
profile,profile.subscription.standard.name,"Profile + Settings (subscription, language, legal Terms/Privacy)",ERA Standard,ERA Standard,
profile,profile.subscription.standard.price,"Profile + Settings (subscription, language, legal Terms/Privacy)",NOK 99/month,NOK 99/måned,
profile,profile.subscription.standard.features[0],"Profile + Settings (subscription, language, legal Terms/Privacy)",Full 12-week training program,Komplett 12-ukers treningsprogram,
profile,profile.subscription.standard.features[1],"Profile + Settings (subscription, language, legal Terms/Privacy)",Nutrition plan per training day,Kostholdsplan per treningsdag,
profile,profile.subscription.standard.features[2],"Profile + Settings (subscription, language, legal Terms/Privacy)",Workout log stored permanently,Treningslogg lagret permanent,
profile,profile.subscription.standard.features[3],"Profile + Settings (subscription, language, legal Terms/Privacy)",Personal records and streak,Personlige rekorder og rekke,
profile,profile.subscription.standard.features[4],"Profile + Settings (subscription, language, legal Terms/Privacy)",Up to 5 friends in social competition,Opptil 5 venner i sosial konkurranse,
profile,profile.subscription.standard.features[5],"Profile + Settings (subscription, language, legal Terms/Privacy)",Progress photos,Progresjonsbilder,
profile,profile.subscription.standard.cta,"Profile + Settings (subscription, language, legal Terms/Privacy)",Upgrade to Standard,Oppgrader til Standard,
profile,profile.subscription.pro.name,"Profile + Settings (subscription, language, legal Terms/Privacy)",ERA PRO,ERA PRO,
profile,profile.subscription.pro.price,"Profile + Settings (subscription, language, legal Terms/Privacy)",NOK 199/month,NOK 199/måned,
profile,profile.subscription.pro.features[0],"Profile + Settings (subscription, language, legal Terms/Privacy)",Everything in Standard,Alt i Standard,
profile,profile.subscription.pro.features[1],"Profile + Settings (subscription, language, legal Terms/Privacy)",AI alternative workouts for injuries or special days,AI-alternative treninger ved skader eller spesielle dager,
profile,profile.subscription.pro.features[2],"Profile + Settings (subscription, language, legal Terms/Privacy)",Unlimited friends in social competition,Ubegrenset venner i sosial konkurranse,
profile,profile.subscription.pro.features[3],"Profile + Settings (subscription, language, legal Terms/Privacy)",Weekly personal progress report,Ukentlig personlig fremgangsrapport,
profile,profile.subscription.pro.features[4],"Profile + Settings (subscription, language, legal Terms/Privacy)",ERA Pro badge on profile,ERA Pro-merke på profil,
profile,profile.subscription.pro.features[5],"Profile + Settings (subscription, language, legal Terms/Privacy)",Early access to new features,Tidlig tilgang til nye funksjoner,
profile,profile.subscription.pro.features[6],"Profile + Settings (subscription, language, legal Terms/Privacy)",Priority customer support,Prioritert kundestøtte,
profile,profile.subscription.pro.cta,"Profile + Settings (subscription, language, legal Terms/Privacy)",Upgrade to PRO,Oppgrader til PRO,
profile,profile.subscription.familie.name,"Profile + Settings (subscription, language, legal Terms/Privacy)",ERA Familie,ERA Familie,
profile,profile.subscription.familie.price,"Profile + Settings (subscription, language, legal Terms/Privacy)",NOK 299/month,NOK 299/måned,
profile,profile.subscription.familie.features[0],"Profile + Settings (subscription, language, legal Terms/Privacy)",Up to 5 family members – each gets full Pro access,Opptil 5 familiemedlemmer – hver får full Pro-tilgang,
profile,profile.subscription.familie.features[1],"Profile + Settings (subscription, language, legal Terms/Privacy)",Private family leaderboard – compete as a family,Privat familieliste – konkurrer som familie,
profile,profile.subscription.familie.features[2],"Profile + Settings (subscription, language, legal Terms/Privacy)",Each member gets their own program and log,Hvert medlem får eget program og logg,
profile,profile.subscription.familie.features[3],"Profile + Settings (subscription, language, legal Terms/Privacy)",See family members progress and PRs,Se familiemedlemmenes fremgang og rekorder,
profile,profile.subscription.familie.features[4],"Profile + Settings (subscription, language, legal Terms/Privacy)",One payment – one invoice,Én betaling – én faktura,
profile,profile.subscription.familie.features[5],"Profile + Settings (subscription, language, legal Terms/Privacy)",Lowest churn rate – families stay together,Lavest avgang – familier blir sammen,
profile,profile.subscription.familie.cta,"Profile + Settings (subscription, language, legal Terms/Privacy)",Upgrade to Familie,Oppgrader til Familie,
nutrition,nutrition.title,"Nutrition tab — daily targets, meal logging, water",Nutrition,Ernæring,
nutrition,nutrition.eyebrow,"Nutrition tab — daily targets, meal logging, water",fuel your performance,drivstoff for ytelsen din,
nutrition,nutrition.phase,"Nutrition tab — daily targets, meal logging, water",Hypertrophy,Hypertrofi,
nutrition,nutrition.weekProgress,"Nutrition tab — daily targets, meal logging, water",{{current}}/{{total}},{{current}}/{{total}},
nutrition,nutrition.weekLabel,"Nutrition tab — daily targets, meal logging, water",Week,Uke,
nutrition,nutrition.dailyTargets,"Nutrition tab — daily targets, meal logging, water",Daily Targets,Daglige mål,
nutrition,nutrition.caloriesUnit,"Nutrition tab — daily targets, meal logging, water",kCal,kcal,
nutrition,nutrition.proteinLabel,"Nutrition tab — daily targets, meal logging, water",Protein,Protein,
nutrition,nutrition.carbsLabel,"Nutrition tab — daily targets, meal logging, water",Carbs,Karbohydrater,
nutrition,nutrition.fatsLabel,"Nutrition tab — daily targets, meal logging, water",Fats,Fett,
nutrition,nutrition.gramsLeft,"Nutrition tab — daily targets, meal logging, water",{{value}}g left,{{value}}g igjen,
nutrition,nutrition.mealsTitle,"Nutrition tab — daily targets, meal logging, water",Meals Logs & Suggestions,Måltidslogger og forslag,
nutrition,nutrition.logMeal,"Nutrition tab — daily targets, meal logging, water",Log Meal,Logg måltid,
nutrition,nutrition.suggestedTag,"Nutrition tab — daily targets, meal logging, water",{{meal}} • Suggested,{{meal}} • Foreslått,
nutrition,nutrition.asPerPlanTag,"Nutrition tab — daily targets, meal logging, water",{{meal}} • As per plan,{{meal}} • Som planlagt,
nutrition,nutrition.customAddedTag,"Nutrition tab — daily targets, meal logging, water",{{meal}} • Custom added,{{meal}} • Egendefinert,
nutrition,nutrition.notAdded,"Nutrition tab — daily targets, meal logging, water",Not added,Ikke lagt til,
nutrition,nutrition.breakfast,"Nutrition tab — daily targets, meal logging, water",Breakfast,Frokost,
nutrition,nutrition.lunch,"Nutrition tab — daily targets, meal logging, water",Lunch,Lunsj,
nutrition,nutrition.snack,"Nutrition tab — daily targets, meal logging, water",Snack,Snack,
nutrition,nutrition.eveningSnack,"Nutrition tab — daily targets, meal logging, water",Evening Snack,Kveldssnack,
nutrition,nutrition.dinner,"Nutrition tab — daily targets, meal logging, water",Dinner,Middag,
nutrition,nutrition.preWorkout,"Nutrition tab — daily targets, meal logging, water",Pre-workout,Før trening,
nutrition,nutrition.postWorkout,"Nutrition tab — daily targets, meal logging, water",Post-workout,Etter trening,
nutrition,nutrition.cheatMeal,"Nutrition tab — daily targets, meal logging, water",Cheat Meal,Snyttekost,
nutrition,nutrition.phaseHypertrophy,"Nutrition tab — daily targets, meal logging, water",Hypertrophy,Hypertrofi,
nutrition,nutrition.phaseStrength,"Nutrition tab — daily targets, meal logging, water",Strength,Styrke,
nutrition,nutrition.phasePeak,"Nutrition tab — daily targets, meal logging, water",Peak,Peak,
nutrition,nutrition.waterConsumption,"Nutrition tab — daily targets, meal logging, water",Water consumption today,Vanninntak i dag,
nutrition,nutrition.waterValue,"Nutrition tab — daily targets, meal logging, water",{{value}} ml,{{value}} ml,
nutrition,nutrition.waterIncrement,"Nutrition tab — daily targets, meal logging, water",{{value}}ml,{{value}} ml,
nutrition,nutrition.glassesProgress,"Nutrition tab — daily targets, meal logging, water",{{current}}/{{total}} glasses,{{current}}/{{total}} glass,
nutrition,nutrition.dailyGoalLiters,"Nutrition tab — daily targets, meal logging, water",Daily goal,Daglig mål,
nutrition,nutrition.dailyGoalLitersValue,"Nutrition tab — daily targets, meal logging, water",{{value}}L,{{value}}L,
nutrition,nutrition.logMealSheet.title,"Nutrition tab — daily targets, meal logging, water",Log Meal,Logg måltid,
nutrition,nutrition.logMealSheet.tags,"Nutrition tab — daily targets, meal logging, water",Tags,Etiketter,
nutrition,nutrition.logMealSheet.itemsInMeal,"Nutrition tab — daily targets, meal logging, water",Items in this meal,Elementer i dette måltidet,
nutrition,nutrition.logMealSheet.itemName,"Nutrition tab — daily targets, meal logging, water",Item Name,Navn på element,
nutrition,nutrition.logMealSheet.itemNamePlaceholder,"Nutrition tab — daily targets, meal logging, water",e.g. Grilled Chicken,f.eks. Grillet kylling,
nutrition,nutrition.logMealSheet.servingSize,"Nutrition tab — daily targets, meal logging, water",Serving Size,Porsjonsstørrelse,
nutrition,nutrition.logMealSheet.servingSizePlaceholder,"Nutrition tab — daily targets, meal logging, water",e.g. 200,f.eks. 200,
nutrition,nutrition.logMealSheet.units,"Nutrition tab — daily targets, meal logging, water",Units,Enheter,
nutrition,nutrition.logMealSheet.unitsPlaceholder,"Nutrition tab — daily targets, meal logging, water",Select Units,Velg enheter,
nutrition,nutrition.logMealSheet.addItem,"Nutrition tab — daily targets, meal logging, water",Add Item to meal,Legg til element,
nutrition,nutrition.logMealSheet.updateItem,"Nutrition tab — daily targets, meal logging, water",Update Item,Oppdater element,
nutrition,nutrition.logMealSheet.addComments,"Nutrition tab — daily targets, meal logging, water",Add Comments,Legg til kommentar,
nutrition,nutrition.logMealSheet.commentsPlaceholder,"Nutrition tab — daily targets, meal logging, water",Write your thoughts...,Skriv tankene dine...,
nutrition,nutrition.logMealSheet.saveMeal,"Nutrition tab — daily targets, meal logging, water",Save Meal,Lagre måltid,
progress,progress.title,"Progress tab — stats, leaderboard, PRs, weight, photos",Progress,Fremgang,
progress,progress.eyebrow,"Progress tab — stats, leaderboard, PRs, weight, photos",track how you're improving,spor hvordan du forbedrer deg,
progress,progress.statsWorkouts,"Progress tab — stats, leaderboard, PRs, weight, photos",Workouts,Økter,
progress,progress.statsEraPoints,"Progress tab — stats, leaderboard, PRs, weight, photos",ERA Points,ERA-poeng,
progress,progress.statsDayStreak,"Progress tab — stats, leaderboard, PRs, weight, photos",Day Streak,Dagsrekke,
progress,progress.leaderboard,"Progress tab — stats, leaderboard, PRs, weight, photos",Leaderboard,Topplisten,
progress,progress.leaderboardEyebrow,"Progress tab — stats, leaderboard, PRs, weight, photos",see how you rank this week,se hvordan du rangerer denne uken,
progress,progress.leaderboardYou,"Progress tab — stats, leaderboard, PRs, weight, photos",You,Deg,
progress,progress.leaderboardEmpty,"Progress tab — stats, leaderboard, PRs, weight, photos",No one's earned points yet — be the first.,Ingen har tjent poeng enda – bli den første.,
progress,progress.leaderboardError,"Progress tab — stats, leaderboard, PRs, weight, photos",Couldn't load leaderboard. Pull to refresh.,Kunne ikke laste topplisten. Dra ned for å oppdatere.,
progress,progress.leaderboardPtsLabel,"Progress tab — stats, leaderboard, PRs, weight, photos",{{count}} pts,{{count}} p,
progress,progress.leaderboardUnranked,"Progress tab — stats, leaderboard, PRs, weight, photos",Unranked,Ikke rangert,
progress,progress.historyTitle,"Progress tab — stats, leaderboard, PRs, weight, photos",History,Historikk,
progress,progress.phaseHypertrophy,"Progress tab — stats, leaderboard, PRs, weight, photos",Hypertrophy,Hypertrofi,
progress,progress.phaseStrength,"Progress tab — stats, leaderboard, PRs, weight, photos",Strength,Styrke,
progress,progress.phasePeak,"Progress tab — stats, leaderboard, PRs, weight, photos",Peak,Topp,
progress,progress.dayStreakLabel,"Progress tab — stats, leaderboard, PRs, weight, photos",Day Streak,Dagsrekke,
progress,progress.personalBest,"Progress tab — stats, leaderboard, PRs, weight, photos",Personal Best,Personlig beste,
progress,progress.personalBestValue,"Progress tab — stats, leaderboard, PRs, weight, photos",{{count}} days,{{count}} dager,
progress,progress.prsTitle,"Progress tab — stats, leaderboard, PRs, weight, photos",PRs,PR-er,
progress,progress.viewAll,"Progress tab — stats, leaderboard, PRs, weight, photos",View All,Vis alle,
progress,progress.latestPr,"Progress tab — stats, leaderboard, PRs, weight, photos",Latest pr,Siste PR,
progress,progress.prDate,"Progress tab — stats, leaderboard, PRs, weight, photos",PR Date,PR-dato,
progress,progress.prDelta,"Progress tab — stats, leaderboard, PRs, weight, photos",+{{value}} {{unit}} from previous record,+{{value}} {{unit}} fra forrige rekord,
progress,progress.prsBanner,"Progress tab — stats, leaderboard, PRs, weight, photos",You've nailed {{count}} PRs this week!,Du har satt {{count}} PR-er denne uken!,
progress,progress.weekLabel,"Progress tab — stats, leaderboard, PRs, weight, photos",Week {{week}} • {{date}},Uke {{week}} • {{date}},
progress,progress.prsEmptyTitle,"Progress tab — stats, leaderboard, PRs, weight, photos",No PRs yet,Ingen PR-er enda,
progress,progress.prsEmptySubtitle,"Progress tab — stats, leaderboard, PRs, weight, photos",Lift heavier than last time to set your first record.,Løft tyngre enn forrige gang for å sette din første rekord.,
progress,progress.categoryCompound,"Progress tab — stats, leaderboard, PRs, weight, photos",Compound,Sammensatt,
progress,progress.categoryIsolation,"Progress tab — stats, leaderboard, PRs, weight, photos",Isolation,Isolasjon,
progress,progress.categoryCore,"Progress tab — stats, leaderboard, PRs, weight, photos",Core,Kjerne,
progress,progress.categoryCardio,"Progress tab — stats, leaderboard, PRs, weight, photos",Cardio,Kondisjon,
progress,progress.categoryWarmup,"Progress tab — stats, leaderboard, PRs, weight, photos",Warm-up,Oppvarming,
progress,progress.categoryCooldown,"Progress tab — stats, leaderboard, PRs, weight, photos",Cool-down,Nedtrapping,
progress,progress.weightTitle,"Progress tab — stats, leaderboard, PRs, weight, photos",Weight,Vekt,
progress,progress.logWeight,"Progress tab — stats, leaderboard, PRs, weight, photos",Log Weight,Logg vekt,
progress,progress.weightCurrent,"Progress tab — stats, leaderboard, PRs, weight, photos",Current,Nåværende,
progress,progress.weightHeaviest,"Progress tab — stats, leaderboard, PRs, weight, photos",Heaviest,Tyngst,
progress,progress.weightLightest,"Progress tab — stats, leaderboard, PRs, weight, photos",Lightest,Letteste,
progress,progress.weightBanner,"Progress tab — stats, leaderboard, PRs, weight, photos",Great Job! Consistency is the key. You're mastering it.,Bra jobbet! Konsistens er nøkkelen. Du mestrer det.,
progress,progress.bmi,"Progress tab — stats, leaderboard, PRs, weight, photos",BMI,BMI,
progress,progress.height,"Progress tab — stats, leaderboard, PRs, weight, photos",Height,Høyde,
progress,progress.transformationTitle,"Progress tab — stats, leaderboard, PRs, weight, photos",Your Transformation,Din transformasjon,
progress,progress.photosCount,"Progress tab — stats, leaderboard, PRs, weight, photos",{{count}} Photos,{{count}} bilder,
progress,progress.addNewPhoto,"Progress tab — stats, leaderboard, PRs, weight, photos",Add New Photo,Legg til nytt bilde,
progress,progress.addFirstPhoto,"Progress tab — stats, leaderboard, PRs, weight, photos",Add your First Photo,Legg til ditt første bilde,
progress,progress.prHistory.title,"Progress tab — stats, leaderboard, PRs, weight, photos",PR History,PR-historikk,
progress,progress.prHistory.eyebrow,"Progress tab — stats, leaderboard, PRs, weight, photos",personal record,personlig rekord,
progress,progress.prHistory.exercises,"Progress tab — stats, leaderboard, PRs, weight, photos",Exercises,Øvelser,
progress,progress.prHistory.sectionTitle,"Progress tab — stats, leaderboard, PRs, weight, photos",PR History,PR-historikk,
progress,progress.prHistory.meta,"Progress tab — stats, leaderboard, PRs, weight, photos",{{sets}} Set • {{reps}} Reps,{{sets}} sett • {{reps}} reps,
progress,progress.prHistory.emptyTitle,"Progress tab — stats, leaderboard, PRs, weight, photos",No PRs yet,Ingen PR-er enda,
progress,progress.prHistory.emptySubtitle,"Progress tab — stats, leaderboard, PRs, weight, photos",Lift heavier than last time to set your first record.,Løft tyngre enn forrige gang for å sette din første rekord.,
progress,progress.logWeightSheet.title,"Progress tab — stats, leaderboard, PRs, weight, photos",Log Weight,Logg vekt,
progress,progress.logWeightSheet.cta,"Progress tab — stats, leaderboard, PRs, weight, photos",Log Weight,Logg vekt,
progress,progress.logWeightSheet.unitKg,"Progress tab — stats, leaderboard, PRs, weight, photos",Kg,Kg,
progress,progress.logWeightSheet.unitLbs,"Progress tab — stats, leaderboard, PRs, weight, photos",Lbs,Lbs,
progress,progress.logHeightSheet.title,"Progress tab — stats, leaderboard, PRs, weight, photos",Update Height,Oppdater høyde,
progress,progress.logHeightSheet.cta,"Progress tab — stats, leaderboard, PRs, weight, photos",Update Height,Oppdater høyde,
progress,progress.logHeightSheet.unitCm,"Progress tab — stats, leaderboard, PRs, weight, photos",Cm,Cm,
progress,progress.logHeightSheet.unitFt,"Progress tab — stats, leaderboard, PRs, weight, photos",Ft,Ft,
progress,progress.addPhoto.title,"Progress tab — stats, leaderboard, PRs, weight, photos",Add Photo,Legg til bilde,
progress,progress.addPhoto.clickPhoto,"Progress tab — stats, leaderboard, PRs, weight, photos",Click Photo,Ta bilde,
progress,progress.addPhoto.uploadGallery,"Progress tab — stats, leaderboard, PRs, weight, photos",Upload from Gallery,Last opp fra galleri,
progress,progress.addPhoto.uploadedWithPoints,"Progress tab — stats, leaderboard, PRs, weight, photos",Photo saved · +{{points}} pts,Bilde lagret · +{{points}} p,
progress,progress.addPhoto.uploadedNoPoints,"Progress tab — stats, leaderboard, PRs, weight, photos",Photo saved · daily bonus already claimed,Bilde lagret · daglig bonus allerede mottatt,
progress,progress.addPhoto.uploadFailed,"Progress tab — stats, leaderboard, PRs, weight, photos",Upload failed. Please try again.,Opplasting mislyktes. Prøv igjen.,
progress,progress.addPhoto.permission.cameraTitle,"Progress tab — stats, leaderboard, PRs, weight, photos",Camera access needed,Kameratilgang kreves,
progress,progress.addPhoto.permission.cameraMessage,"Progress tab — stats, leaderboard, PRs, weight, photos",Enable camera access in Settings to capture progress photos.,Aktiver kameratilgang i Innstillinger for å ta fremgangsbilder.,
progress,progress.addPhoto.permission.galleryTitle,"Progress tab — stats, leaderboard, PRs, weight, photos",Photo library access needed,Tilgang til bildebibliotek kreves,
progress,progress.addPhoto.permission.galleryMessage,"Progress tab — stats, leaderboard, PRs, weight, photos",Enable photo library access in Settings to upload progress photos.,Aktiver tilgang til bildebibliotek i Innstillinger for å laste opp fremgangsbilder.,
progress,progress.photoPreview.uploaded,"Progress tab — stats, leaderboard, PRs, weight, photos",Uploaded ,Lastet opp ,
progress,progress.photoPreview.download,"Progress tab — stats, leaderboard, PRs, weight, photos",Download,Last ned,
progress,progress.photoPreview.delete,"Progress tab — stats, leaderboard, PRs, weight, photos",Delete,Slett,
progress,progress.photoPreview.deleted,"Progress tab — stats, leaderboard, PRs, weight, photos",Photo deleted,Bilde slettet,
progress,progress.photoPreview.deleteFailed,"Progress tab — stats, leaderboard, PRs, weight, photos",Couldn't delete photo. Please try again.,Kunne ikke slette bildet. Prøv igjen.,
weights,weights.title,Weights tab — exercise weight progression,Weights,Vekter,
weights,weights.eyebrow,Weights tab — exercise weight progression,track your progression,spor din fremgang,
weights,weights.phase,Weights tab — exercise weight progression,Hypertrophy,Hypertrofi,
weights,weights.dayMonday,Weights tab — exercise weight progression,Monday,Mandag,
weights,weights.dayPushHeavy,Weights tab — exercise weight progression,Push - Heavy,Push - Tung,
weights,weights.exerciseCount,Weights tab — exercise weight progression,{{count}} Exercises,{{count}} Øvelser,
weights,weights.loading,Weights tab — exercise weight progression,Loading weights...,Laster vekter...,
weights,weights.error,Weights tab — exercise weight progression,Unable to load weights.,Kunne ikke laste vekter.,
weights,weights.empty.title,Weights tab — exercise weight progression,No data yet,Ingen data ennå,
weights,weights.empty.subtitle,Weights tab — exercise weight progression,Log your first set to see weights here.,Logg ditt første sett for å se vekter her.,
history,history.sessionHistory,Exercise history screen,Session History,Økthistorikk,
history,history.sessionsCount,Exercise history screen,{{count}} Sessions,{{count}} Økter,
history,history.stats.current,Exercise history screen,Current,Nåværende,
history,history.stats.heaviest,Exercise history screen,Heaviest,Tyngste,
history,history.stats.lightest,Exercise history screen,Lightest,Letteste,
history,history.stats.longest,Exercise history screen,Longest,Lengste,
history,history.stats.shortest,Exercise history screen,Shortest,Korteste,
history,history.successBanner,Exercise history screen,Great Job! Consistency is the key. You're mastering it.,Bra jobba! Kontinuitet er nøkkelen. Du mestrer det.,
history,history.weekLabel,Exercise history screen,Week {{number}},Uke {{number}},
history,history.chartWeekTick,Exercise history screen,W{{number}},U{{number}},
history,history.chartSetTick,Exercise history screen,S{{number}},S{{number}},
history,history.chartUnitKg,Exercise history screen,KG,KG,
history,history.chartUnitSec,Exercise history screen,SECS,SEK,
history,history.entryDateLabel,Exercise history screen,Week {{week}} • {{date}},Uke {{week}} • {{date}},
history,history.loading,Exercise history screen,Loading history...,Laster historikk...,
history,history.error,Exercise history screen,Unable to load exercise history.,Kunne ikke laste øvelseshistorikk.,
history,history.empty.title,Exercise history screen,No history yet,Ingen historikk ennå,
history,history.empty.subtitle,Exercise history screen,Log this exercise to start building your history.,Logg denne øvelsen for å begynne å bygge historikk.,
workout,workout.ui.greeting,"Workout screens — plan, set logging, session complete, rest timer","Hi,","Hei,",
workout,workout.ui.readyTitle,"Workout screens — plan, set logging, session complete, rest timer",Ready to train today?,Klar for trening i dag?,
workout,workout.ui.points,"Workout screens — plan, set logging, session complete, rest timer",{{count}} pts,{{count}} poeng,
workout,workout.ui.streak,"Workout screens — plan, set logging, session complete, rest timer",{{count}}D streak,{{count}}D rekke,
workout,workout.ui.workoutPlan,"Workout screens — plan, set logging, session complete, rest timer",Workout Plan,Treningsplan,
workout,workout.ui.todaysWorkout,"Workout screens — plan, set logging, session complete, rest timer",Today's Workout,Dagens økt,
workout,workout.ui.start,"Workout screens — plan, set logging, session complete, rest timer",Start,Start,
workout,workout.ui.startNow,"Workout screens — plan, set logging, session complete, rest timer",Start Now,Start nå,
workout,workout.ui.resumeWorkout,"Workout screens — plan, set logging, session complete, rest timer",Resume Workout,Fortsett økt,
workout,workout.ui.startAgain,"Workout screens — plan, set logging, session complete, rest timer",Start Again,Start på nytt,
workout,workout.ui.exercisesLabel,"Workout screens — plan, set logging, session complete, rest timer",exercises,øvelser,
workout,workout.ui.minutesLabel,"Workout screens — plan, set logging, session complete, rest timer",minutes,minutter,
workout,workout.ui.edit,"Workout screens — plan, set logging, session complete, rest timer",Edit,Rediger,
workout,workout.ui.initialWeight,"Workout screens — plan, set logging, session complete, rest timer",Initial WT.,Startvekt,
workout,workout.ui.suggestedWeight,"Workout screens — plan, set logging, session complete, rest timer",Suggested WT.,Foreslått vekt,
workout,workout.ui.weekLabel,"Workout screens — plan, set logging, session complete, rest timer",Week {{number}},Uke {{number}},
workout,workout.ui.weekBadge,"Workout screens — plan, set logging, session complete, rest timer",W{{number}},U{{number}},
workout,workout.ui.dayLabel,"Workout screens — plan, set logging, session complete, rest timer",Day {{number}},Dag {{number}},
workout,workout.ui.daysCount,"Workout screens — plan, set logging, session complete, rest timer",{{completed}}/{{total}} Days,{{completed}}/{{total}} dager,
workout,workout.ui.weekInitialNote,"Workout screens — plan, set logging, session complete, rest timer",The initial days will be adjusted in the 4th week,De første dagene justeres i uke 4,
workout,workout.ui.weekAdjustedNote,"Workout screens — plan, set logging, session complete, rest timer",Initial Days of Week 1 are adjusted here.,De første dagene fra uke 1 justeres her.,
workout,workout.ui.rolledOverDays,"Workout screens — plan, set logging, session complete, rest timer",Rolled Over Days,Overførte dager,
workout,workout.ui.adjustmentTitle,"Workout screens — plan, set logging, session complete, rest timer",Built Around You,Tilpasset deg,
workout,workout.ui.adjustmentMessage,"Workout screens — plan, set logging, session complete, rest timer","Since you started mid-week, the days before your start date have been shifted to Week 4 to keep your program whole.","Siden du startet midt i uken, er dagene før startdatoen flyttet til uke 4 for å holde programmet komplett.",
workout,workout.ui.adjustmentWeek4Title,"Workout screens — plan, set logging, session complete, rest timer",Nothing Left Behind,Ingenting gått tapt,
workout,workout.ui.adjustmentWeek4Message,"Workout screens — plan, set logging, session complete, rest timer","You started mid-week, so the initial days from Week 1 are added here — after your regular 7 days.","Du startet midt i uken, så de første dagene fra uke 1 er lagt til her — etter dine vanlige 7 dager.",
workout,workout.ui.noWorkoutLogged,"Workout screens — plan, set logging, session complete, rest timer",No workout was logged for this day.,Ingen treningsøkt ble logget for denne dagen.,
workout,workout.ui.skipped,"Workout screens — plan, set logging, session complete, rest timer",Skipped,Hoppet over,
workout,workout.ui.setsLabel,"Workout screens — plan, set logging, session complete, rest timer",sets,sett,
workout,workout.ui.comment,"Workout screens — plan, set logging, session complete, rest timer",Comment,Kommentar,
workout,workout.ui.loadingWorkout,"Workout screens — plan, set logging, session complete, rest timer",Loading workout...,Laster treningsøkt...,
workout,workout.ui.unableToLoadWorkout,"Workout screens — plan, set logging, session complete, rest timer",Unable to load workout.,Kunne ikke laste treningsøkten.,
workout,workout.ui.startingIn,"Workout screens — plan, set logging, session complete, rest timer",{{exercise}} starting in,{{exercise}} starter om,
workout,workout.ui.exerciseProgress,"Workout screens — plan, set logging, session complete, rest timer",{{current}}/{{total}} Exercises,{{current}}/{{total}} øvelser,
workout,workout.ui.sessionTime,"Workout screens — plan, set logging, session complete, rest timer",Session Time,Økttid,
workout,workout.ui.endWorkoutTitle,"Workout screens — plan, set logging, session complete, rest timer",End workout?,Avslutt økten?,
workout,workout.ui.endWorkoutBody,"Workout screens — plan, set logging, session complete, rest timer",You’re almost done. Do you want to end your workout now?,Du er nesten ferdig. Vil du avslutte økten nå?,
workout,workout.ui.endWorkoutSubtext,"Workout screens — plan, set logging, session complete, rest timer","Your progress will be saved, and today’s workout will be marked as complete.","Fremgangen din lagres, og dagens økt markeres som fullført.",
workout,workout.ui.endWorkout,"Workout screens — plan, set logging, session complete, rest timer",End Workout,Avslutt økten,
workout,workout.ui.keepGoing,"Workout screens — plan, set logging, session complete, rest timer",Keep Going,Fortsett,
workout,workout.ui.setLabel,"Workout screens — plan, set logging, session complete, rest timer",Set {{number}},Sett {{number}},
workout,workout.ui.bestSet,"Workout screens — plan, set logging, session complete, rest timer",Best Set,Beste sett,
workout,workout.ui.lastSet,"Workout screens — plan, set logging, session complete, rest timer",Last Set,Forrige sett,
workout,workout.ui.repsFormat,"Workout screens — plan, set logging, session complete, rest timer",{{weight}} x {{reps}} Reps,{{weight}} x {{reps}} reps,
workout,workout.ui.feedbackTitle,"Workout screens — plan, set logging, session complete, rest timer",How did the set feel?,Hvordan føltes settet?,
workout,workout.ui.feedbackSubtitle,"Workout screens — plan, set logging, session complete, rest timer",Weight for the next set will be adjusted accordingly.,Vekten for neste sett justeres deretter.,
workout,workout.ui.feedbackLight,"Workout screens — plan, set logging, session complete, rest timer",Light Weight,Lett vekt,
workout,workout.ui.feedbackCorrect,"Workout screens — plan, set logging, session complete, rest timer",Correct Weight,Riktig vekt,
workout,workout.ui.feedbackHeavy,"Workout screens — plan, set logging, session complete, rest timer",Felt Heavy,Tungt,
workout,workout.ui.addComments,"Workout screens — plan, set logging, session complete, rest timer",Add Comments,Legg til kommentar,
workout,workout.ui.commentPlaceholder,"Workout screens — plan, set logging, session complete, rest timer",Write your thoughts...,Skriv dine tanker...,
workout,workout.ui.listening,"Workout screens — plan, set logging, session complete, rest timer",Listening...,Lytter...,
workout,workout.ui.micPermissionDenied,"Workout screens — plan, set logging, session complete, rest timer",Microphone permission is required to dictate.,Mikrofontilgang kreves for diktering.,
workout,workout.ui.completeSet,"Workout screens — plan, set logging, session complete, rest timer",Complete Set,Fullfør sett,
workout,workout.ui.completeExercise,"Workout screens — plan, set logging, session complete, rest timer",Complete Exercise,Fullfør øvelse,
workout,workout.ui.weightRequired,"Workout screens — plan, set logging, session complete, rest timer",Please enter a weight above 0 to log this set.,Skriv inn en vekt over 0 for å logge dette settet.,
workout,workout.ui.sessionSyncError,"Workout screens — plan, set logging, session complete, rest timer",Workout session is out of sync. Please restart this workout.,Treningsøkten er ute av synk. Start denne økten på nytt.,
workout,workout.ui.exerciseCompleted,"Workout screens — plan, set logging, session complete, rest timer",Exercise Completed,Øvelse fullført,
workout,workout.ui.topSet,"Workout screens — plan, set logging, session complete, rest timer",Top Set,Beste sett,
workout,workout.ui.weightLabel,"Workout screens — plan, set logging, session complete, rest timer",Weight,Vekt,
workout,workout.ui.startingWeightHint,"Workout screens — plan, set logging, session complete, rest timer",Choose starting weight,Velg startvekt,
workout,workout.ui.nextSetHint,"Workout screens — plan, set logging, session complete, rest timer",Next set: {{weight}} {{unit}},Neste sett: {{weight}} {{unit}},
workout,workout.ui.newPR,"Workout screens — plan, set logging, session complete, rest timer",New Personal Record,Ny personlig rekord,
workout,workout.ui.eraPoints,"Workout screens — plan, set logging, session complete, rest timer",+{{count}} ERA Points,+{{count}} ERA-poeng,
workout,workout.ui.previousBest,"Workout screens — plan, set logging, session complete, rest timer",Previous Best: {{value}},Forrige beste: {{value}},
workout,workout.ui.idealSet,"Workout screens — plan, set logging, session complete, rest timer",Ideal Set,Ideelt sett,
workout,workout.ui.reset,"Workout screens — plan, set logging, session complete, rest timer",Reset,Nullstill,
workout,workout.ui.cancel,"Workout screens — plan, set logging, session complete, rest timer",Cancel,Avbryt,
workout,workout.ui.completeSession,"Workout screens — plan, set logging, session complete, rest timer",Complete Session,Fullfør økt,
workout,workout.ui.quitTitle,"Workout screens — plan, set logging, session complete, rest timer",Quit Workout?,Avslutt trening?,
workout,workout.ui.quitMessage,"Workout screens — plan, set logging, session complete, rest timer",Your logged sets are saved.,Dine loggede sett er lagret.,
workout,workout.ui.quitConfirm,"Workout screens — plan, set logging, session complete, rest timer",Quit,Avslutt,
workout,workout.ui.view,"Workout screens — plan, set logging, session complete, rest timer",View,Se,
workout,workout.ui.completed,"Workout screens — plan, set logging, session complete, rest timer",Completed,Fullført,
workout,workout.ui.sessionComplete,"Workout screens — plan, set logging, session complete, rest timer",Session Complete,Økt fullført,
workout,workout.ui.sessionDuration,"Workout screens — plan, set logging, session complete, rest timer",Session Duration,Øktvarighet,
workout,workout.ui.setsLogged,"Workout screens — plan, set logging, session complete, rest timer",Sets Logged,Sett logget,
workout,workout.ui.eraPointsLabel,"Workout screens — plan, set logging, session complete, rest timer",ERA Points,ERA-poeng,
workout,workout.ui.newPRs,"Workout screens — plan, set logging, session complete, rest timer",New PRs,Nye rekorder,
workout,workout.ui.captureProgress,"Workout screens — plan, set logging, session complete, rest timer",Capture Progress,Ta bilde av fremgang,
workout,workout.ui.pointsTitle,"Workout screens — plan, set logging, session complete, rest timer",Points,Poeng,
workout,workout.ui.howToOptimise,"Workout screens — plan, set logging, session complete, rest timer",How to Optimise your points,Slik optimaliserer du poengene dine,
workout,workout.ui.howToOptimiseDesc,"Workout screens — plan, set logging, session complete, rest timer",Learn how to earn more points and rank top on the leaderboard.,Lær hvordan du tjener flere poeng og klatrer på topplisten.,
workout,workout.ui.howToOptimiseSheet.title,"Workout screens — plan, set logging, session complete, rest timer",How to Optimise your Points.,Slik optimaliserer du poengene dine.,
workout,workout.ui.history,"Workout screens — plan, set logging, session complete, rest timer",History,Historikk,
workout,workout.ui.streakAdded,"Workout screens — plan, set logging, session complete, rest timer",Streak Added,Streak lagt til,
workout,workout.ui.photoAdded,"Workout screens — plan, set logging, session complete, rest timer",Photo Added,Bilde lagt til,
workout,workout.ui.workoutCompleted,"Workout screens — plan, set logging, session complete, rest timer",Workout Completed,Trening fullført,
workout,workout.ui.setLogged,"Workout screens — plan, set logging, session complete, rest timer",Set Logged,Sett logget,
workout,workout.ui.cardioCompleted,"Workout screens — plan, set logging, session complete, rest timer",Cardio 4×4 Complete,Kardio 4×4 fullført,
workout,workout.ui.personalRecord,"Workout screens — plan, set logging, session complete, rest timer",New PR,Ny rekord,
workout,workout.ui.bodyWeightLogged,"Workout screens — plan, set logging, session complete, rest timer",Weight Logged,Vekt logget,
workout,workout.ui.sevenDayStreakBonus,"Workout screens — plan, set logging, session complete, rest timer",{{count}}-Day Streak Bonus,{{count}}-dagers streak-bonus,
workout,workout.ui.noPointsYet,"Workout screens — plan, set logging, session complete, rest timer",Log a workout to start earning ERA points.,Logg en økt for å begynne å tjene ERA-poeng.,
workout,workout.ui.today,"Workout screens — plan, set logging, session complete, rest timer",Today,I dag,
workout,workout.ui.yesterday,"Workout screens — plan, set logging, session complete, rest timer",Yesterday,I går,
workout,workout.ui.dayStreak,"Workout screens — plan, set logging, session complete, rest timer",Day Streak,Dagers rekke,
workout,workout.ui.streakMotivation,"Workout screens — plan, set logging, session complete, rest timer",You're doing Great!,Du gjør det bra!,
workout,workout.ui.viewEraPoints,"Workout screens — plan, set logging, session complete, rest timer",View your ERA Points,Se dine ERA-poeng,
workout,workout.ui.restTimer,"Workout screens — plan, set logging, session complete, rest timer",Rest Timer,Hviletimer,
workout,workout.ui.setStartingIn,"Workout screens — plan, set logging, session complete, rest timer",Set {{number}} starting in...,Sett {{number}} starter om...,
workout,workout.ui.seconds,"Workout screens — plan, set logging, session complete, rest timer",Seconds,Sekunder,
workout,workout.ui.addSeconds,"Workout screens — plan, set logging, session complete, rest timer",+ 30 sec,+ 30 sek,
workout,workout.ui.upNext,"Workout screens — plan, set logging, session complete, rest timer",Up Next,Neste,
workout,workout.ui.setProgress,"Workout screens — plan, set logging, session complete, rest timer",{{current}}/{{total}} Set,{{current}}/{{total}} sett,
workout,workout.weekdays.mon,"Workout screens — plan, set logging, session complete, rest timer",Mon,Man,
workout,workout.weekdays.tue,"Workout screens — plan, set logging, session complete, rest timer",Tue,Tir,
workout,workout.weekdays.wed,"Workout screens — plan, set logging, session complete, rest timer",Wed,Ons,
workout,workout.weekdays.thu,"Workout screens — plan, set logging, session complete, rest timer",Thu,Tor,
workout,workout.weekdays.fri,"Workout screens — plan, set logging, session complete, rest timer",Fri,Fre,
workout,workout.weekdays.sat,"Workout screens — plan, set logging, session complete, rest timer",Sat,Lør,
workout,workout.weekdays.sun,"Workout screens — plan, set logging, session complete, rest timer",Sun,Søn,
workout,workout.weekdays.monday,"Workout screens — plan, set logging, session complete, rest timer",Monday,Mandag,
language,language.title,Language picker labels,Language,Språk,
language,language.english,Language picker labels,English,English,
language,language.norwegian,Language picker labels,Norsk,Norsk,
